-- phpMyAdmin SQL Dump
-- version 5.1.0
-- https://www.phpmyadmin.net/
--
-- Servidor: 127.0.0.1
-- Tiempo de generación: 02-07-2021 a las 00:11:48
-- Versión del servidor: 10.4.19-MariaDB
-- Versión de PHP: 8.0.6

SET SQL_MODE = "NO_AUTO_VALUE_ON_ZERO";
START TRANSACTION;
SET time_zone = "+00:00";


/*!40101 SET @OLD_CHARACTER_SET_CLIENT=@@CHARACTER_SET_CLIENT */;
/*!40101 SET @OLD_CHARACTER_SET_RESULTS=@@CHARACTER_SET_RESULTS */;
/*!40101 SET @OLD_COLLATION_CONNECTION=@@COLLATION_CONNECTION */;
/*!40101 SET NAMES utf8mb4 */;

--
-- Base de datos: `lista`
--
CREATE DATABASE IF NOT EXISTS `lista` DEFAULT CHARACTER SET utf8 COLLATE utf8_unicode_ci;
USE `lista`;

-- --------------------------------------------------------

--
-- Estructura de tabla para la tabla `alumnos`
--

CREATE TABLE `alumnos` (
  `id_alumnos` int(11) NOT NULL,
  `nombres` varchar(50) COLLATE utf8_unicode_ci NOT NULL,
  `especialidad` int(11) NOT NULL,
  `grado` int(11) NOT NULL,
  `seccion` int(11) NOT NULL,
  `activo` double NOT NULL,
  `Grupo` int(11) DEFAULT NULL
) ENGINE=InnoDB DEFAULT CHARSET=utf8 COLLATE=utf8_unicode_ci;

--
-- Volcado de datos para la tabla `alumnos`
--

INSERT INTO `alumnos` (`id_alumnos`, `nombres`, `especialidad`, `grado`, `seccion`, `activo`, `Grupo`) VALUES
(592, 'BARAJAS PEREZ JOSE YUSSEL', 5, 1, 2, 1, NULL),
(593, 'BERNARDINO FLORES NESTOR GAEL', 5, 1, 2, 1, NULL),
(594, 'CEPEDA VALLES SAMUEL AARON', 5, 1, 2, 1, NULL),
(595, 'DE LUCIO CARRANZA EDGAR LEONARDO', 5, 1, 2, 1, NULL),
(596, 'DELGADO ALDABA FRIDA FERNANDA', 5, 1, 2, 1, NULL),
(597, 'ESPARZA MARTELL JOEL GERARDO', 5, 1, 2, 1, NULL),
(598, 'ESPINOZA ALCAY JUAN ANGEL', 5, 1, 2, 1, NULL),
(599, 'GUZMAN CHAVEZ DANIEL ISAAC', 5, 1, 2, 1, NULL),
(600, 'HERNANDEZ  RAMIREZ JESUS JOAQUIN', 5, 1, 2, 1, NULL),
(601, 'HERNANDEZ DOMINGUEZ ALEJANDRO', 5, 1, 2, 1, NULL),
(602, 'HINOJOSA  MONTES JOSEPH FERNANDO', 5, 1, 2, 1, NULL),
(603, 'LOPEZ LIRA ETHAN ROBERTO', 5, 1, 2, 1, NULL),
(604, 'MARISCAL HERNANDEZ SALVADOR', 5, 1, 2, 1, NULL),
(605, 'NAVARRO  RIOS ESTEFANIA', 5, 1, 2, 1, NULL),
(606, 'ORTEGA  AVALOS JOSEPH GERARDO', 5, 1, 2, 1, NULL),
(607, 'ORTIZ ROCHA AMISH DE JESUS', 5, 1, 2, 1, NULL),
(608, 'PUENTE RIVERA JESUS', 5, 1, 2, 1, NULL),
(609, 'QUIÑONES SANTOS LUIS ALONSO', 5, 1, 2, 1, NULL),
(610, 'RAMIREZ GARNICA AXEL URIEL', 5, 1, 2, 1, NULL),
(611, 'RICAUD MARTINEZ JEROME', 5, 1, 2, 1, NULL),
(612, 'RIOS GALLARDO LUIS ERNESTO', 5, 1, 2, 1, NULL),
(613, 'RIOS QUINTERO EDUARDO ANDREE', 5, 1, 2, 1, NULL),
(614, 'TORRES ORTEGA JOEL ALEJANDRO', 5, 1, 2, 1, NULL),
(615, 'VALDEZ DELGADO JOSE ARMANDO', 5, 1, 2, 1, NULL),
(616, 'ZATARAIN RODRIGUEZ YAJAIRA JACKELINNE', 5, 1, 2, 1, NULL),
(617, 'ACOSTA RIOS JUAN SEBASTIAN', 5, 1, 2, 1, NULL),
(618, 'CASTRUITA HERNANDEZ MICHEL YAZMIN', 5, 1, 2, 1, NULL),
(619, 'CERVANTES LEIJA MARIA FERNANDA', 5, 1, 2, 1, NULL),
(620, 'DELGADO ESTRADA OSCAR DAVID', 5, 1, 2, 1, NULL),
(621, 'GARCIA CIGARROA MIGUEL ALEJANDRO', 5, 1, 2, 1, NULL),
(622, 'GARCIA FERNANDEZ JAZMIN BELEN', 5, 1, 2, 1, NULL),
(623, 'LOPEZ MARTINEZ JUAN DAVID', 5, 1, 2, 1, NULL),
(624, 'LUNA CASTAÑEDA BRISA DANIELA', 5, 1, 2, 1, NULL),
(625, 'MARTINEZ RUIZ JOCELYN CELESTE', 5, 1, 2, 1, NULL),
(626, 'MEDINA RODRIGUEZ EVELIN YAMILE', 5, 1, 2, 1, NULL),
(627, 'MEDINA ROJAS JUAN MANUEL', 5, 1, 2, 1, NULL),
(628, 'MORA GARCIA EMILY ANAIS', 5, 1, 2, 1, NULL),
(629, 'ORTEGA CASTRO OLIVER JOSUE', 5, 1, 2, 1, NULL),
(630, 'RAMIREZ GARCIA NATALIA IVONNE', 5, 1, 2, 1, NULL),
(631, 'RAYAS ROBLES JUAN RICARDO', 5, 1, 2, 1, NULL),
(632, 'SEGURA CARRANZA MARIANA', 5, 1, 2, 1, NULL),
(633, 'SIFUENTES LOPEZ ALEJANDRO SAID', 5, 1, 2, 1, NULL),
(634, 'VILLASANA BERRIOS  JOSE ANGEL', 5, 1, 2, 1, NULL),
(635, 'FERNADEZ CARRANZA SOFIA', 5, 1, 2, 1, NULL),
(636, 'CRUZ PUENTES RUBEN EDUARDO', 5, 1, 2, 1, NULL),
(637, 'AGUILERA VEGA LUIS EDUARDO', 4, 1, 1, 1, NULL),
(638, 'ALVAREZ CRUZ ANTHONY SEBASTIAN', 4, 1, 1, 1, NULL),
(639, 'AYALA CASAS EMILIO JOVANY', 4, 1, 1, 1, NULL),
(640, 'BADILLO FLORES ALAN ALEXIS', 4, 1, 1, 1, NULL),
(641, 'BARAJAS HERRERA FATIMA GUADALUPE', 4, 1, 1, 1, NULL),
(642, 'BARRON GALLEGOS MEILY DAYANA', 4, 1, 1, 1, NULL),
(643, 'CABRERA GARCIA NESTOR DANIEL', 4, 1, 1, 1, NULL),
(644, 'CALDERON GARCIA DAFNE NATALIA', 4, 1, 1, 1, NULL),
(645, 'CALVILLO PICHARDO RICARDO CESAR', 4, 1, 1, 1, NULL),
(646, 'CARRILLO BRIONES JOSE ANGEL', 4, 1, 1, 1, NULL),
(647, 'COLUNGA CLARO JESUS ADRIAN', 4, 1, 1, 1, NULL),
(648, 'GALICIA SEGURA MAYTE ANDREA', 4, 1, 1, 1, NULL),
(649, 'GALLARDO HERNANDEZ LUCERO ISABEL', 4, 1, 1, 1, NULL),
(650, 'GAMEZ VAZQUEZ DULCE ITZEL', 4, 1, 1, 1, NULL),
(651, 'GARCIA ARELLANO MIGUEL ANGEL', 4, 1, 1, 1, NULL),
(652, 'GAYTAN GUERRA AXEL TRISTHAN', 4, 1, 1, 1, NULL),
(653, 'GUILLEN ROCHA CARLOS GERARDO', 4, 1, 1, 1, NULL),
(654, 'HERNANDEZ CARO RODRIGO YAHIR', 4, 1, 1, 1, NULL),
(655, 'HERNANDEZ CARRILLO AILANI', 4, 1, 1, 1, NULL),
(656, 'HERNANDEZ LOPEZ DANIEL', 4, 1, 1, 1, NULL),
(657, 'HERNANDEZ SIFUENTES LUISA FERNANDA', 4, 1, 1, 1, NULL),
(658, 'JUAREZ OLIVARES KEVIN YAHIR', 4, 1, 1, 1, NULL),
(659, 'LIMAS PARADA FERNANDO ARMANDO', 4, 1, 1, 1, NULL),
(660, 'LOPEZ CHAIREZ BALDO DANIEL', 4, 1, 1, 1, NULL),
(661, 'LOPEZ REVELES JORGE ULISES', 4, 1, 1, 1, NULL),
(662, 'LUNA ALVAREZ PAOLA PAMELA', 4, 1, 1, 1, NULL),
(663, 'MEZA ALONSO NESTOR GAEL', 4, 1, 1, 1, NULL),
(664, 'MORALES HEREDIA YARELI JOSELIN', 4, 1, 1, 1, NULL),
(665, 'MORENO LOPEZ SEIRA ESTEFANIA', 4, 1, 1, 1, NULL),
(666, 'MOTA LOPEZ OMAR', 4, 1, 1, 1, NULL),
(667, 'PADILLA MACHAY ARIANA JUDITH', 4, 1, 1, 1, NULL),
(668, 'RAMIREZ ARMIJO ELIHU ANTONIO', 4, 1, 1, 1, NULL),
(669, 'RANGEL SANTANA JANETH', 4, 1, 1, 1, NULL),
(670, 'REYES BOCANEGRA PEDRO ADIEL', 4, 1, 1, 1, NULL),
(671, 'RODRIGUEZ CORRALES MANUEL ALEJANDRO', 4, 1, 1, 1, NULL),
(672, 'RUIZ CAMPERO KAREN PAOLA', 4, 1, 1, 1, NULL),
(673, 'SALAZAR HERNANDEZ SOFIA', 4, 1, 1, 1, NULL),
(674, 'SANCHEZ CENICEROS ANA JULIETH', 4, 1, 1, 1, NULL),
(675, 'SANCHEZ CHAIREZ VANESSA', 4, 1, 1, 1, NULL),
(676, 'SANCHEZ GALLEGOS ARMANDO', 4, 1, 1, 1, NULL),
(677, 'SANCHEZ MENDEZ JOSE EMILIANO', 4, 1, 1, 1, NULL),
(678, 'SILVA IBAÑEZ BETSY ARIANA', 4, 1, 1, 1, NULL),
(679, 'VALTIERRA DIAZ DANNA GUADALUPE', 4, 1, 1, 1, NULL),
(680, 'VAZQUEZ RIOS MIGUEL ANGEL', 4, 1, 1, 1, NULL),
(681, 'ZAMORA AMAYA EVELYN GUADALUPE', 4, 1, 1, 1, NULL),
(702, 'ACUÑA DAVILA DANIELA', 3, 1, 1, 1, NULL),
(703, 'AGUILERA AGUILERA MARIA ALEJANDRA', 3, 1, 1, 1, NULL),
(704, 'ARGUELLES  VINCENT DAVID', 3, 1, 1, 1, NULL),
(705, 'BARAJAS VAZQUEZ VICTOR GAEL', 3, 1, 1, 1, NULL),
(706, 'DELGADO QUIÑONES CARLOS ERNESTO', 3, 1, 1, 1, NULL),
(707, 'ESCOBEDO ORTEGA HUGO DANIEL', 3, 1, 1, 1, NULL),
(708, 'ESTRADA ADAME VANESSA', 3, 1, 1, 1, NULL),
(709, 'FIERRO MARTINEZ ELIDA NATALI', 3, 1, 1, 1, NULL),
(710, 'GALARZA PEDROZA JOSE ELIAS', 3, 1, 1, 1, NULL),
(711, 'GALINDO MONTOYA ANGEL', 3, 1, 1, 1, NULL),
(712, 'GARCIA  JAZMINE', 3, 1, 1, 1, NULL),
(713, 'GARCIA ESPINO ARELY', 3, 1, 1, 1, NULL),
(714, 'GARZA MARTINEZ HUGO ENRIQUE', 3, 1, 1, 1, NULL),
(715, 'GONZALEZ MALDONADO ASHLEY MARISOL', 3, 1, 1, 1, NULL),
(716, 'GRAMILLO LOZANO JOSE EUSEBIO', 3, 1, 1, 1, NULL),
(717, 'GUERRERO CONTRERAS EDWIN EMILIANO', 3, 1, 1, 1, NULL),
(718, 'JIMENEZ GALINDO JEREMIES JAFET', 3, 1, 1, 1, NULL),
(719, 'LAFUENTE MONREAL BRAYAN DANIEL', 3, 1, 1, 1, NULL),
(720, 'LOPEZ HERNANDEZ LESLIE KARINA', 3, 1, 1, 1, NULL),
(721, 'LUNA RODRIGUEZ BRAYAN GERARDO', 3, 1, 1, 1, NULL),
(722, 'MAURICIO GONZALEZ EDGAR NOE', 3, 1, 1, 1, NULL),
(723, 'MORALES RAMIREZ PERLA PALOMA', 3, 1, 1, 1, NULL),
(724, 'MURILLO VERASTEGUI JOSE ANGEL', 3, 1, 1, 1, NULL),
(725, 'ORTIZ NAVARRETE CHRISTIAN ALEJANDRO', 3, 1, 1, 1, NULL),
(726, 'PAEZ AVALOS SERGIO', 3, 1, 1, 1, NULL),
(727, 'PICHARDO MUGICA CECILIA MONTSERRATH', 3, 1, 1, 1, NULL),
(728, 'QUIÑONES HERNANDEZ MARYJOSE', 3, 1, 1, 1, NULL),
(729, 'RAMIREZ BARRIOS BEATRIZ ELENA', 3, 1, 1, 1, NULL),
(730, 'RAMIREZ GARCIA SAUL ANDRES', 3, 1, 1, 1, NULL),
(731, 'RANGEL CHAVEZ LUIS MARIO', 3, 1, 1, 1, NULL),
(732, 'REYES HERNANDEZ AMANDA', 3, 1, 1, 1, NULL),
(733, 'RODRIGUEZ RIOS DIEGO LORENZO', 3, 1, 1, 1, NULL),
(734, 'VAZQUEZ LOPEZ JOSE MANUEL', 3, 1, 1, 1, NULL),
(735, 'VERASTEGUI MENDEZ MICHEL DEL CARMEN', 3, 1, 1, 1, NULL),
(736, 'Rivera Gonzales Jesus Antonio', 3, 1, 1, 1, NULL),
(737, 'ALMAGUER MACIAS ROMAN ALEXIS', 3, 1, 2, 1, NULL),
(738, 'ALVAREZ LOZANO MARIA FERNANDA', 3, 1, 2, 1, NULL),
(739, 'BENITEZ MACIAS JESUS GERARDO', 3, 1, 2, 1, NULL),
(740, 'CALDERON BALTAZAR RICARDO GAEL', 3, 1, 2, 1, NULL),
(741, 'CRUZ GARCIA JAMILETH MONSERRAT', 3, 1, 2, 1, NULL),
(742, 'DE SANTIAGO VALDES MANUEL FERNANDO', 3, 1, 2, 1, NULL),
(743, 'DELGADO VAQUERA BRAYAN ANDRES', 3, 1, 2, 1, NULL),
(744, 'DOMINGUEZ SANCHEZ HANNIA GISELLE', 3, 1, 2, 1, NULL),
(745, 'ESPARZA ENCISO PERLA JOSELIN', 3, 1, 2, 1, NULL),
(746, 'FLORES MORENO ITZEL SHAGKTY', 3, 1, 2, 1, NULL),
(747, 'FLORES VALDES PERLA VIKTORIA', 3, 1, 2, 1, NULL),
(748, 'GALLARDO MARTINEZ FERNANDA ELIZABETH', 3, 1, 2, 1, NULL),
(749, 'GALLEGOS IBARRA MIGUEL ANGEL', 3, 1, 2, 1, NULL),
(750, 'GALLEGOS ROSAS SADRACH EMMANUEL', 3, 1, 2, 1, NULL),
(751, 'GAMBOA ROJAS ALEJANDRO', 3, 1, 2, 1, NULL),
(752, 'GARCIA MUÑOZ LEONARDO', 3, 1, 2, 1, NULL),
(753, 'GONZALEZ LARA DANIELA MARIA', 3, 1, 2, 1, NULL),
(754, 'GONZALEZ MORENO BRYAN  ROBERTO', 3, 1, 2, 1, NULL),
(755, 'GONZALEZ RODRIGUEZ MAYRA VALERIA', 3, 1, 2, 1, NULL),
(756, 'GUTIERREZ HERNANDEZ LEONARDO FRANCISCO', 3, 1, 2, 1, NULL),
(757, 'HERNANDEZ SILVA ANGEL ARMANDO', 3, 1, 2, 1, NULL),
(758, 'LIRA HERNANDEZ JOSE ANGEL', 3, 1, 2, 1, NULL),
(759, 'LOPEZ ESQUIVEL ANA CRISTINA', 3, 1, 2, 1, NULL),
(760, 'LOPEZ MARTINEZ ANIA POLET', 3, 1, 2, 1, NULL),
(761, 'LOPEZ WONG TAMARA DEL SOCORRO', 3, 1, 2, 1, NULL),
(762, 'LUEVANOS TALAVERA ANDREA', 3, 1, 2, 1, NULL),
(763, 'LUNA ACOSTA LEZLY RUBI', 3, 1, 2, 1, NULL),
(764, 'MARTINEZ DE LA ROSA JESUS SINUHE', 3, 1, 2, 1, NULL),
(765, 'MIRELES BELMONTES WENDY JOHANA', 3, 1, 2, 1, NULL),
(766, 'MUÑIZ HERNANDEZ MIA ESMERALDA', 3, 1, 2, 1, NULL),
(767, 'PALMA ZAPATA FABIAN', 3, 1, 2, 1, NULL),
(768, 'PEREZ AVALOS JOCELYN JAQUELINE', 3, 1, 2, 1, NULL),
(769, 'PIÑA GARCIA JONATHAN ALBERTO', 3, 1, 2, 1, NULL),
(770, 'RAMIREZ VAZQUEZ ALANA', 3, 1, 2, 1, NULL),
(771, 'REYES REYES ESTELA GUADALUPE', 3, 1, 2, 1, NULL),
(772, 'ROBLES PICAZO GRECIA GENESIS', 3, 1, 2, 1, NULL),
(773, 'ROCHA SAENZPARDO MICHELLE', 3, 1, 2, 1, NULL),
(774, 'Solis Mendieta Jared', 3, 1, 2, 1, NULL),
(775, 'TORRES GONZALES GERARDO JOSUE', 3, 1, 2, 1, NULL),
(776, 'URIBE BASAVE ANGEL EMMANUEL', 3, 1, 2, 1, NULL),
(777, 'VALDES GONZALEZ JULIAN ELOY', 3, 1, 2, 1, NULL),
(778, 'VILLARREAL LEIJA BRUNO DE JESUS', 3, 1, 2, 1, NULL),
(779, 'BARRERA GARCIA ANGEL FERNANDO', 4, 1, 2, 1, NULL),
(780, 'BERMUDEZ MARTINEZ DAVID GERARDO', 4, 1, 2, 1, NULL),
(781, 'CHIW SOTO DANIELA GETHSEMANI', 4, 1, 2, 1, NULL),
(782, 'CORDERO VAZQUEZ ANEL GETSEMANI', 4, 1, 2, 1, NULL),
(783, 'CORTINAS JARA EDUARDO', 4, 1, 2, 1, NULL),
(784, 'DEL RIO RODRIGUEZ KEVIN ALONSO', 4, 1, 2, 1, NULL),
(785, 'ESPINO GALLEGOS CARLOS JOVANI', 4, 1, 2, 1, NULL),
(786, 'FERNANDEZ CHAVIRA JESUS ABRAHAM', 4, 1, 2, 1, NULL),
(787, 'GARCIA AGUILAR MELISSA ARACELY', 4, 1, 2, 1, NULL),
(788, 'GARCIA CORDERO SOFIA CRISTINA', 4, 1, 2, 1, NULL),
(789, 'GOMEZ SAUCEDO BRAYAN ALEJANDRO', 4, 1, 2, 1, NULL),
(790, 'GONZALEZ ROJAS LIZET', 4, 1, 2, 1, NULL),
(791, 'HERNANDEZ GONZALEZ KARLA MARLENE', 4, 1, 2, 1, NULL),
(792, 'HERNANDEZ LOPEZ TANIA PATRICIA', 4, 1, 2, 1, NULL),
(793, 'HERNANDEZ MARTINEZ HAROLD ISAAC', 4, 1, 2, 1, NULL),
(794, 'HERNANDEZ PEREZ MARCO EDUARDO', 4, 1, 2, 1, NULL),
(795, 'IBARRA GONZALEZ BENY ALEXIS', 4, 1, 2, 1, NULL),
(796, 'LOPEZ CABRERA ALFONSO DIDIER', 4, 1, 2, 1, NULL),
(797, 'MEDINA LOPEZ ANA ALEJANDRA', 4, 1, 2, 1, NULL),
(798, 'MENDOZA VIZCARRA MAXIMILIANO', 4, 1, 2, 1, NULL),
(799, 'OCAÑA ESQUIVEL DIEGO', 4, 1, 2, 1, NULL),
(800, 'OLIVARES SEGURA MIGUEL ANGEL', 4, 1, 2, 1, NULL),
(801, 'ORTEGA SOSA BRAYAN GERARDO', 4, 1, 2, 1, NULL),
(802, 'PALMA GUERRERO CLAUDIA MARCELA', 4, 1, 2, 1, NULL),
(803, 'PEREZ CARDOZA AMY SAYURI', 4, 1, 2, 1, NULL),
(804, 'RIOS FLORES NEYSLA KRYSTEL', 4, 1, 2, 1, NULL),
(805, 'RIOS MUÑOZ ALEXIS FERNANDO', 4, 1, 2, 1, NULL),
(806, 'RODRIGUEZ RIOS JUAN PABLO', 4, 1, 2, 1, NULL),
(807, 'SALAZAR LOERA YAHIR', 4, 1, 2, 1, NULL),
(808, 'TREVIÑO MARTINEZ CARLOS ADRIAN', 4, 1, 2, 1, NULL),
(809, 'VAQUERA TAPIA MARIO ENRIQUE', 4, 1, 2, 1, NULL),
(810, 'VARGAS MARTINEZ JESUS MANUEL', 4, 1, 2, 1, NULL),
(811, 'VILLALPANDO GALVAN MIGUEL DE JESUS', 4, 1, 2, 1, NULL),
(812, 'YESCAS SANCHEZ ABRIL AZENETH', 4, 1, 2, 1, NULL);

-- --------------------------------------------------------

--
-- Estructura de tabla para la tabla `faltas`
--

CREATE TABLE `faltas` (
  `id_falta` int(11) NOT NULL,
  `id_alumno` int(11) NOT NULL,
  `id_profesor` varchar(10) COLLATE utf8_unicode_ci NOT NULL,
  `id_materia` int(11) NOT NULL,
  `faltas` int(11) NOT NULL,
  `semana` varchar(12) COLLATE utf8_unicode_ci NOT NULL,
  `dia_registro` varchar(12) COLLATE utf8_unicode_ci NOT NULL
) ENGINE=InnoDB DEFAULT CHARSET=utf8 COLLATE=utf8_unicode_ci;

--
-- Volcado de datos para la tabla `faltas`
--

INSERT INTO `faltas` (`id_falta`, `id_alumno`, `id_profesor`, `id_materia`, `faltas`, `semana`, `dia_registro`) VALUES
(1166, 637, 'DKDS15K', 210, 1, '2021-06-14', '2021-06-17'),
(1167, 638, 'DKDS15K', 210, 1, '2021-06-14', '2021-06-17'),
(1168, 639, 'DKDS15K', 210, 1, '2021-06-14', '2021-06-17'),
(1169, 640, 'DKDS15K', 210, 1, '2021-06-14', '2021-06-17'),
(1170, 641, 'DKDS15K', 210, 0, '2021-06-14', '2021-06-17'),
(1171, 642, 'DKDS15K', 210, 1, '2021-06-14', '2021-06-17'),
(1172, 643, 'DKDS15K', 210, 1, '2021-06-14', '2021-06-17'),
(1173, 644, 'DKDS15K', 210, 0, '2021-06-14', '2021-06-17'),
(1174, 645, 'DKDS15K', 210, 0, '2021-06-14', '2021-06-17'),
(1175, 646, 'DKDS15K', 210, 1, '2021-06-14', '2021-06-17'),
(1176, 647, 'DKDS15K', 210, 0, '2021-06-14', '2021-06-17'),
(1177, 648, 'DKDS15K', 210, 0, '2021-06-14', '2021-06-17'),
(1178, 649, 'DKDS15K', 210, 1, '2021-06-14', '2021-06-17'),
(1179, 650, 'DKDS15K', 210, 0, '2021-06-14', '2021-06-17'),
(1180, 651, 'DKDS15K', 210, 1, '2021-06-14', '2021-06-17'),
(1181, 652, 'DKDS15K', 210, 1, '2021-06-14', '2021-06-17'),
(1182, 653, 'DKDS15K', 210, 2, '2021-06-14', '2021-06-17'),
(1183, 654, 'DKDS15K', 210, 1, '2021-06-14', '2021-06-17'),
(1184, 655, 'DKDS15K', 210, 1, '2021-06-14', '2021-06-17'),
(1185, 656, 'DKDS15K', 210, 0, '2021-06-14', '2021-06-17'),
(1186, 657, 'DKDS15K', 210, 1, '2021-06-14', '2021-06-17'),
(1187, 658, 'DKDS15K', 210, 1, '2021-06-14', '2021-06-17'),
(1188, 659, 'DKDS15K', 210, 1, '2021-06-14', '2021-06-17'),
(1189, 660, 'DKDS15K', 210, 0, '2021-06-14', '2021-06-17'),
(1190, 661, 'DKDS15K', 210, 1, '2021-06-14', '2021-06-17'),
(1191, 662, 'DKDS15K', 210, 1, '2021-06-14', '2021-06-17'),
(1192, 663, 'DKDS15K', 210, 1, '2021-06-14', '2021-06-17'),
(1193, 664, 'DKDS15K', 210, 1, '2021-06-14', '2021-06-17'),
(1194, 665, 'DKDS15K', 210, 2, '2021-06-14', '2021-06-17'),
(1195, 666, 'DKDS15K', 210, 0, '2021-06-14', '2021-06-17'),
(1196, 667, 'DKDS15K', 210, 1, '2021-06-14', '2021-06-17'),
(1197, 668, 'DKDS15K', 210, 1, '2021-06-14', '2021-06-17'),
(1198, 669, 'DKDS15K', 210, 0, '2021-06-14', '2021-06-17'),
(1199, 670, 'DKDS15K', 210, 1, '2021-06-14', '2021-06-17'),
(1200, 671, 'DKDS15K', 210, 1, '2021-06-14', '2021-06-17'),
(1201, 672, 'DKDS15K', 210, 1, '2021-06-14', '2021-06-17'),
(1202, 673, 'DKDS15K', 210, 1, '2021-06-14', '2021-06-17'),
(1203, 674, 'DKDS15K', 210, 0, '2021-06-14', '2021-06-17'),
(1204, 675, 'DKDS15K', 210, 1, '2021-06-14', '2021-06-17'),
(1205, 676, 'DKDS15K', 210, 0, '2021-06-14', '2021-06-17'),
(1206, 677, 'DKDS15K', 210, 0, '2021-06-14', '2021-06-17'),
(1207, 678, 'DKDS15K', 210, 0, '2021-06-14', '2021-06-17'),
(1208, 679, 'DKDS15K', 210, 0, '2021-06-14', '2021-06-17'),
(1209, 680, 'DKDS15K', 210, 0, '2021-06-14', '2021-06-17'),
(1210, 681, 'DKDS15K', 210, 1, '2021-06-14', '2021-06-17'),
(1211, 637, 'DKDS15K', 211, 1, '2021-06-14', '2021-06-17'),
(1212, 638, 'DKDS15K', 211, 0, '2021-06-14', '2021-06-17'),
(1213, 639, 'DKDS15K', 211, 0, '2021-06-14', '2021-06-17'),
(1214, 640, 'DKDS15K', 211, 0, '2021-06-14', '2021-06-17'),
(1215, 641, 'DKDS15K', 211, 1, '2021-06-14', '2021-06-17'),
(1216, 642, 'DKDS15K', 211, 0, '2021-06-14', '2021-06-17'),
(1217, 643, 'DKDS15K', 211, 1, '2021-06-14', '2021-06-17'),
(1218, 644, 'DKDS15K', 211, 1, '2021-06-14', '2021-06-17'),
(1219, 645, 'DKDS15K', 211, 1, '2021-06-14', '2021-06-17'),
(1220, 646, 'DKDS15K', 211, 0, '2021-06-14', '2021-06-17'),
(1221, 647, 'DKDS15K', 211, 0, '2021-06-14', '2021-06-17'),
(1222, 648, 'DKDS15K', 211, 1, '2021-06-14', '2021-06-17'),
(1223, 649, 'DKDS15K', 211, 0, '2021-06-14', '2021-06-17'),
(1224, 650, 'DKDS15K', 211, 1, '2021-06-14', '2021-06-17'),
(1225, 651, 'DKDS15K', 211, 0, '2021-06-14', '2021-06-17'),
(1226, 652, 'DKDS15K', 211, 1, '2021-06-14', '2021-06-17'),
(1227, 653, 'DKDS15K', 211, 1, '2021-06-14', '2021-06-17'),
(1228, 654, 'DKDS15K', 211, 1, '2021-06-14', '2021-06-17'),
(1229, 655, 'DKDS15K', 211, 1, '2021-06-14', '2021-06-17'),
(1230, 656, 'DKDS15K', 211, 0, '2021-06-14', '2021-06-17'),
(1231, 657, 'DKDS15K', 211, 1, '2021-06-14', '2021-06-17'),
(1232, 658, 'DKDS15K', 211, 0, '2021-06-14', '2021-06-17'),
(1233, 659, 'DKDS15K', 211, 1, '2021-06-14', '2021-06-17'),
(1234, 660, 'DKDS15K', 211, 0, '2021-06-14', '2021-06-17'),
(1235, 661, 'DKDS15K', 211, 0, '2021-06-14', '2021-06-17'),
(1236, 662, 'DKDS15K', 211, 0, '2021-06-14', '2021-06-17'),
(1237, 663, 'DKDS15K', 211, 0, '2021-06-14', '2021-06-17'),
(1238, 664, 'DKDS15K', 211, 0, '2021-06-14', '2021-06-17'),
(1239, 665, 'DKDS15K', 211, 2, '2021-06-14', '2021-06-17'),
(1240, 666, 'DKDS15K', 211, 0, '2021-06-14', '2021-06-17'),
(1241, 667, 'DKDS15K', 211, 1, '2021-06-14', '2021-06-17'),
(1242, 668, 'DKDS15K', 211, 1, '2021-06-14', '2021-06-17'),
(1243, 669, 'DKDS15K', 211, 0, '2021-06-14', '2021-06-17'),
(1244, 670, 'DKDS15K', 211, 1, '2021-06-14', '2021-06-17'),
(1245, 671, 'DKDS15K', 211, 0, '2021-06-14', '2021-06-17'),
(1246, 672, 'DKDS15K', 211, 1, '2021-06-14', '2021-06-17'),
(1247, 673, 'DKDS15K', 211, 0, '2021-06-14', '2021-06-17'),
(1248, 674, 'DKDS15K', 211, 0, '2021-06-14', '2021-06-17'),
(1249, 675, 'DKDS15K', 211, 1, '2021-06-14', '2021-06-17'),
(1250, 676, 'DKDS15K', 211, 0, '2021-06-14', '2021-06-17'),
(1251, 677, 'DKDS15K', 211, 1, '2021-06-14', '2021-06-17'),
(1252, 678, 'DKDS15K', 211, 0, '2021-06-14', '2021-06-17'),
(1253, 679, 'DKDS15K', 211, 0, '2021-06-14', '2021-06-17'),
(1254, 680, 'DKDS15K', 211, 1, '2021-06-14', '2021-06-17'),
(1255, 681, 'DKDS15K', 211, 0, '2021-06-14', '2021-06-17'),
(1256, 637, 'DKDS15K', 212, 1, '2021-06-14', '2021-06-17'),
(1257, 638, 'DKDS15K', 212, 0, '2021-06-14', '2021-06-17'),
(1258, 639, 'DKDS15K', 212, 1, '2021-06-14', '2021-06-17'),
(1259, 640, 'DKDS15K', 212, 1, '2021-06-14', '2021-06-17'),
(1260, 641, 'DKDS15K', 212, 0, '2021-06-14', '2021-06-17'),
(1261, 642, 'DKDS15K', 212, 2, '2021-06-14', '2021-06-17'),
(1262, 643, 'DKDS15K', 212, 0, '2021-06-14', '2021-06-17'),
(1263, 644, 'DKDS15K', 212, 1, '2021-06-14', '2021-06-17'),
(1264, 645, 'DKDS15K', 212, 0, '2021-06-14', '2021-06-17'),
(1265, 646, 'DKDS15K', 212, 1, '2021-06-14', '2021-06-17'),
(1266, 647, 'DKDS15K', 212, 1, '2021-06-14', '2021-06-17'),
(1267, 648, 'DKDS15K', 212, 1, '2021-06-14', '2021-06-17'),
(1268, 649, 'DKDS15K', 212, 1, '2021-06-14', '2021-06-17'),
(1269, 650, 'DKDS15K', 212, 0, '2021-06-14', '2021-06-17'),
(1270, 651, 'DKDS15K', 212, 1, '2021-06-14', '2021-06-17'),
(1271, 652, 'DKDS15K', 212, 0, '2021-06-14', '2021-06-17'),
(1272, 653, 'DKDS15K', 212, 1, '2021-06-14', '2021-06-17'),
(1273, 654, 'DKDS15K', 212, 1, '2021-06-14', '2021-06-17'),
(1274, 655, 'DKDS15K', 212, 1, '2021-06-14', '2021-06-17'),
(1275, 656, 'DKDS15K', 212, 1, '2021-06-14', '2021-06-17'),
(1276, 657, 'DKDS15K', 212, 1, '2021-06-14', '2021-06-17'),
(1277, 658, 'DKDS15K', 212, 1, '2021-06-14', '2021-06-17'),
(1278, 659, 'DKDS15K', 212, 1, '2021-06-14', '2021-06-17'),
(1279, 660, 'DKDS15K', 212, 1, '2021-06-14', '2021-06-17'),
(1280, 661, 'DKDS15K', 212, 0, '2021-06-14', '2021-06-17'),
(1281, 662, 'DKDS15K', 212, 1, '2021-06-14', '2021-06-17'),
(1282, 663, 'DKDS15K', 212, 1, '2021-06-14', '2021-06-17'),
(1283, 664, 'DKDS15K', 212, 1, '2021-06-14', '2021-06-17'),
(1284, 665, 'DKDS15K', 212, 2, '2021-06-14', '2021-06-17'),
(1285, 666, 'DKDS15K', 212, 1, '2021-06-14', '2021-06-17'),
(1286, 667, 'DKDS15K', 212, 0, '2021-06-14', '2021-06-17'),
(1287, 668, 'DKDS15K', 212, 1, '2021-06-14', '2021-06-17'),
(1288, 669, 'DKDS15K', 212, 0, '2021-06-14', '2021-06-17'),
(1289, 670, 'DKDS15K', 212, 1, '2021-06-14', '2021-06-17'),
(1290, 671, 'DKDS15K', 212, 0, '2021-06-14', '2021-06-17'),
(1291, 672, 'DKDS15K', 212, 0, '2021-06-14', '2021-06-17'),
(1292, 673, 'DKDS15K', 212, 0, '2021-06-14', '2021-06-17'),
(1293, 674, 'DKDS15K', 212, 1, '2021-06-14', '2021-06-17'),
(1294, 675, 'DKDS15K', 212, 0, '2021-06-14', '2021-06-17'),
(1295, 676, 'DKDS15K', 212, 0, '2021-06-14', '2021-06-17'),
(1296, 677, 'DKDS15K', 212, 0, '2021-06-14', '2021-06-17'),
(1297, 678, 'DKDS15K', 212, 1, '2021-06-14', '2021-06-17'),
(1298, 679, 'DKDS15K', 212, 0, '2021-06-14', '2021-06-17'),
(1299, 680, 'DKDS15K', 212, 0, '2021-06-14', '2021-06-17'),
(1300, 681, 'DKDS15K', 212, 0, '2021-06-14', '2021-06-17'),
(1301, 637, 'DKDS15K', 213, 1, '2021-06-14', '2021-06-17'),
(1302, 638, 'DKDS15K', 213, 0, '2021-06-14', '2021-06-17'),
(1303, 639, 'DKDS15K', 213, 0, '2021-06-14', '2021-06-17'),
(1304, 640, 'DKDS15K', 213, 0, '2021-06-14', '2021-06-17'),
(1305, 641, 'DKDS15K', 213, 1, '2021-06-14', '2021-06-17'),
(1306, 642, 'DKDS15K', 213, 0, '2021-06-14', '2021-06-17'),
(1307, 643, 'DKDS15K', 213, 1, '2021-06-14', '2021-06-17'),
(1308, 644, 'DKDS15K', 213, 0, '2021-06-14', '2021-06-17'),
(1309, 645, 'DKDS15K', 213, 0, '2021-06-14', '2021-06-17'),
(1310, 646, 'DKDS15K', 213, 1, '2021-06-14', '2021-06-17'),
(1311, 647, 'DKDS15K', 213, 0, '2021-06-14', '2021-06-17'),
(1312, 648, 'DKDS15K', 213, 1, '2021-06-14', '2021-06-17'),
(1313, 649, 'DKDS15K', 213, 0, '2021-06-14', '2021-06-17'),
(1314, 650, 'DKDS15K', 213, 1, '2021-06-14', '2021-06-17'),
(1315, 651, 'DKDS15K', 213, 0, '2021-06-14', '2021-06-17'),
(1316, 652, 'DKDS15K', 213, 0, '2021-06-14', '2021-06-17'),
(1317, 653, 'DKDS15K', 213, 1, '2021-06-14', '2021-06-17'),
(1318, 654, 'DKDS15K', 213, 0, '2021-06-14', '2021-06-17'),
(1319, 655, 'DKDS15K', 213, 1, '2021-06-14', '2021-06-17'),
(1320, 656, 'DKDS15K', 213, 0, '2021-06-14', '2021-06-17'),
(1321, 657, 'DKDS15K', 213, 1, '2021-06-14', '2021-06-17'),
(1322, 658, 'DKDS15K', 213, 1, '2021-06-14', '2021-06-17'),
(1323, 659, 'DKDS15K', 213, 0, '2021-06-14', '2021-06-17'),
(1324, 660, 'DKDS15K', 213, 0, '2021-06-14', '2021-06-17'),
(1325, 661, 'DKDS15K', 213, 1, '2021-06-14', '2021-06-17'),
(1326, 662, 'DKDS15K', 213, 0, '2021-06-14', '2021-06-17'),
(1327, 663, 'DKDS15K', 213, 1, '2021-06-14', '2021-06-17'),
(1328, 664, 'DKDS15K', 213, 1, '2021-06-14', '2021-06-17'),
(1329, 665, 'DKDS15K', 213, 0, '2021-06-14', '2021-06-17'),
(1330, 666, 'DKDS15K', 213, 1, '2021-06-14', '2021-06-17'),
(1331, 667, 'DKDS15K', 213, 1, '2021-06-14', '2021-06-17'),
(1332, 668, 'DKDS15K', 213, 1, '2021-06-14', '2021-06-17'),
(1333, 669, 'DKDS15K', 213, 0, '2021-06-14', '2021-06-17'),
(1334, 670, 'DKDS15K', 213, 0, '2021-06-14', '2021-06-17'),
(1335, 671, 'DKDS15K', 213, 1, '2021-06-14', '2021-06-17'),
(1336, 672, 'DKDS15K', 213, 0, '2021-06-14', '2021-06-17'),
(1337, 673, 'DKDS15K', 213, 1, '2021-06-14', '2021-06-17'),
(1338, 674, 'DKDS15K', 213, 0, '2021-06-14', '2021-06-17'),
(1339, 675, 'DKDS15K', 213, 0, '2021-06-14', '2021-06-17'),
(1340, 676, 'DKDS15K', 213, 1, '2021-06-14', '2021-06-17'),
(1341, 677, 'DKDS15K', 213, 0, '2021-06-14', '2021-06-17'),
(1342, 678, 'DKDS15K', 213, 0, '2021-06-14', '2021-06-17'),
(1343, 679, 'DKDS15K', 213, 1, '2021-06-14', '2021-06-17'),
(1344, 680, 'DKDS15K', 213, 0, '2021-06-14', '2021-06-17'),
(1345, 681, 'DKDS15K', 213, 0, '2021-06-14', '2021-06-17'),
(1346, 637, 'DKDS15K', 214, 0, '2021-06-14', '2021-06-17'),
(1347, 638, 'DKDS15K', 214, 1, '2021-06-14', '2021-06-17'),
(1348, 639, 'DKDS15K', 214, 0, '2021-06-14', '2021-06-17'),
(1349, 640, 'DKDS15K', 214, 0, '2021-06-14', '2021-06-17'),
(1350, 641, 'DKDS15K', 214, 0, '2021-06-14', '2021-06-17'),
(1351, 642, 'DKDS15K', 214, 1, '2021-06-14', '2021-06-17'),
(1352, 643, 'DKDS15K', 214, 0, '2021-06-14', '2021-06-17'),
(1353, 644, 'DKDS15K', 214, 1, '2021-06-14', '2021-06-17'),
(1354, 645, 'DKDS15K', 214, 0, '2021-06-14', '2021-06-17'),
(1355, 646, 'DKDS15K', 214, 0, '2021-06-14', '2021-06-17'),
(1356, 647, 'DKDS15K', 214, 0, '2021-06-14', '2021-06-17'),
(1357, 648, 'DKDS15K', 214, 1, '2021-06-14', '2021-06-17'),
(1358, 649, 'DKDS15K', 214, 0, '2021-06-14', '2021-06-17'),
(1359, 650, 'DKDS15K', 214, 1, '2021-06-14', '2021-06-17'),
(1360, 651, 'DKDS15K', 214, 0, '2021-06-14', '2021-06-17'),
(1361, 652, 'DKDS15K', 214, 0, '2021-06-14', '2021-06-17'),
(1362, 653, 'DKDS15K', 214, 0, '2021-06-14', '2021-06-17'),
(1363, 654, 'DKDS15K', 214, 1, '2021-06-14', '2021-06-17'),
(1364, 655, 'DKDS15K', 214, 0, '2021-06-14', '2021-06-17'),
(1365, 656, 'DKDS15K', 214, 1, '2021-06-14', '2021-06-17'),
(1366, 657, 'DKDS15K', 214, 0, '2021-06-14', '2021-06-17'),
(1367, 658, 'DKDS15K', 214, 0, '2021-06-14', '2021-06-17'),
(1368, 659, 'DKDS15K', 214, 0, '2021-06-14', '2021-06-17'),
(1369, 660, 'DKDS15K', 214, 1, '2021-06-14', '2021-06-17'),
(1370, 661, 'DKDS15K', 214, 0, '2021-06-14', '2021-06-17'),
(1371, 662, 'DKDS15K', 214, 1, '2021-06-14', '2021-06-17'),
(1372, 663, 'DKDS15K', 214, 0, '2021-06-14', '2021-06-17'),
(1373, 664, 'DKDS15K', 214, 0, '2021-06-14', '2021-06-17'),
(1374, 665, 'DKDS15K', 214, 0, '2021-06-14', '2021-06-17'),
(1375, 666, 'DKDS15K', 214, 1, '2021-06-14', '2021-06-17'),
(1376, 667, 'DKDS15K', 214, 0, '2021-06-14', '2021-06-17'),
(1377, 668, 'DKDS15K', 214, 1, '2021-06-14', '2021-06-17'),
(1378, 669, 'DKDS15K', 214, 0, '2021-06-14', '2021-06-17'),
(1379, 670, 'DKDS15K', 214, 1, '2021-06-14', '2021-06-17'),
(1380, 671, 'DKDS15K', 214, 1, '2021-06-14', '2021-06-17'),
(1381, 672, 'DKDS15K', 214, 1, '2021-06-14', '2021-06-17'),
(1382, 673, 'DKDS15K', 214, 0, '2021-06-14', '2021-06-17'),
(1383, 674, 'DKDS15K', 214, 1, '2021-06-14', '2021-06-17'),
(1384, 675, 'DKDS15K', 214, 0, '2021-06-14', '2021-06-17'),
(1385, 676, 'DKDS15K', 214, 1, '2021-06-14', '2021-06-17'),
(1386, 677, 'DKDS15K', 214, 1, '2021-06-14', '2021-06-17'),
(1387, 678, 'DKDS15K', 214, 0, '2021-06-14', '2021-06-17'),
(1388, 679, 'DKDS15K', 214, 0, '2021-06-14', '2021-06-17'),
(1389, 680, 'DKDS15K', 214, 1, '2021-06-14', '2021-06-17'),
(1390, 681, 'DKDS15K', 214, 0, '2021-06-14', '2021-06-17'),
(1391, 637, 'DKDS15K', 215, 1, '2021-06-14', '2021-06-17'),
(1392, 638, 'DKDS15K', 215, 0, '2021-06-14', '2021-06-17'),
(1393, 639, 'DKDS15K', 215, 0, '2021-06-14', '2021-06-17'),
(1394, 640, 'DKDS15K', 215, 1, '2021-06-14', '2021-06-17'),
(1395, 641, 'DKDS15K', 215, 0, '2021-06-14', '2021-06-17'),
(1396, 642, 'DKDS15K', 215, 0, '2021-06-14', '2021-06-17'),
(1397, 643, 'DKDS15K', 215, 0, '2021-06-14', '2021-06-17'),
(1398, 644, 'DKDS15K', 215, 0, '2021-06-14', '2021-06-17'),
(1399, 645, 'DKDS15K', 215, 1, '2021-06-14', '2021-06-17'),
(1400, 646, 'DKDS15K', 215, 0, '2021-06-14', '2021-06-17'),
(1401, 647, 'DKDS15K', 215, 1, '2021-06-14', '2021-06-17'),
(1402, 648, 'DKDS15K', 215, 1, '2021-06-14', '2021-06-17'),
(1403, 649, 'DKDS15K', 215, 0, '2021-06-14', '2021-06-17'),
(1404, 650, 'DKDS15K', 215, 1, '2021-06-14', '2021-06-17'),
(1405, 651, 'DKDS15K', 215, 0, '2021-06-14', '2021-06-17'),
(1406, 652, 'DKDS15K', 215, 0, '2021-06-14', '2021-06-17'),
(1407, 653, 'DKDS15K', 215, 0, '2021-06-14', '2021-06-17'),
(1408, 654, 'DKDS15K', 215, 0, '2021-06-14', '2021-06-17'),
(1409, 655, 'DKDS15K', 215, 1, '2021-06-14', '2021-06-17'),
(1410, 656, 'DKDS15K', 215, 1, '2021-06-14', '2021-06-17'),
(1411, 657, 'DKDS15K', 215, 0, '2021-06-14', '2021-06-17'),
(1412, 658, 'DKDS15K', 215, 0, '2021-06-14', '2021-06-17'),
(1413, 659, 'DKDS15K', 215, 1, '2021-06-14', '2021-06-17'),
(1414, 660, 'DKDS15K', 215, 0, '2021-06-14', '2021-06-17'),
(1415, 661, 'DKDS15K', 215, 1, '2021-06-14', '2021-06-17'),
(1416, 662, 'DKDS15K', 215, 0, '2021-06-14', '2021-06-17'),
(1417, 663, 'DKDS15K', 215, 0, '2021-06-14', '2021-06-17'),
(1418, 664, 'DKDS15K', 215, 1, '2021-06-14', '2021-06-17'),
(1419, 665, 'DKDS15K', 215, 1, '2021-06-14', '2021-06-17'),
(1420, 666, 'DKDS15K', 215, 0, '2021-06-14', '2021-06-17'),
(1421, 667, 'DKDS15K', 215, 1, '2021-06-14', '2021-06-17'),
(1422, 668, 'DKDS15K', 215, 0, '2021-06-14', '2021-06-17'),
(1423, 669, 'DKDS15K', 215, 0, '2021-06-14', '2021-06-17'),
(1424, 670, 'DKDS15K', 215, 1, '2021-06-14', '2021-06-17'),
(1425, 671, 'DKDS15K', 215, 0, '2021-06-14', '2021-06-17'),
(1426, 672, 'DKDS15K', 215, 0, '2021-06-14', '2021-06-17'),
(1427, 673, 'DKDS15K', 215, 1, '2021-06-14', '2021-06-17'),
(1428, 674, 'DKDS15K', 215, 0, '2021-06-14', '2021-06-17'),
(1429, 675, 'DKDS15K', 215, 0, '2021-06-14', '2021-06-17'),
(1430, 676, 'DKDS15K', 215, 1, '2021-06-14', '2021-06-17'),
(1431, 677, 'DKDS15K', 215, 1, '2021-06-14', '2021-06-17'),
(1432, 678, 'DKDS15K', 215, 0, '2021-06-14', '2021-06-17'),
(1433, 679, 'DKDS15K', 215, 1, '2021-06-14', '2021-06-17'),
(1434, 680, 'DKDS15K', 215, 1, '2021-06-14', '2021-06-17'),
(1435, 681, 'DKDS15K', 215, 0, '2021-06-14', '2021-06-17'),
(1436, 637, 'DKDS15K', 216, 1, '2021-06-14', '2021-06-17'),
(1437, 638, 'DKDS15K', 216, 0, '2021-06-14', '2021-06-17'),
(1438, 639, 'DKDS15K', 216, 0, '2021-06-14', '2021-06-17'),
(1439, 640, 'DKDS15K', 216, 1, '2021-06-14', '2021-06-17'),
(1440, 641, 'DKDS15K', 216, 0, '2021-06-14', '2021-06-17'),
(1441, 642, 'DKDS15K', 216, 1, '2021-06-14', '2021-06-17'),
(1442, 643, 'DKDS15K', 216, 0, '2021-06-14', '2021-06-17'),
(1443, 644, 'DKDS15K', 216, 0, '2021-06-14', '2021-06-17'),
(1444, 645, 'DKDS15K', 216, 0, '2021-06-14', '2021-06-17'),
(1445, 646, 'DKDS15K', 216, 1, '2021-06-14', '2021-06-17'),
(1446, 647, 'DKDS15K', 216, 0, '2021-06-14', '2021-06-17'),
(1447, 648, 'DKDS15K', 216, 1, '2021-06-14', '2021-06-17'),
(1448, 649, 'DKDS15K', 216, 0, '2021-06-14', '2021-06-17'),
(1449, 650, 'DKDS15K', 216, 0, '2021-06-14', '2021-06-17'),
(1450, 651, 'DKDS15K', 216, 1, '2021-06-14', '2021-06-17'),
(1451, 652, 'DKDS15K', 216, 1, '2021-06-14', '2021-06-17'),
(1452, 653, 'DKDS15K', 216, 0, '2021-06-14', '2021-06-17'),
(1453, 654, 'DKDS15K', 216, 1, '2021-06-14', '2021-06-17'),
(1454, 655, 'DKDS15K', 216, 0, '2021-06-14', '2021-06-17'),
(1455, 656, 'DKDS15K', 216, 0, '2021-06-14', '2021-06-17'),
(1456, 657, 'DKDS15K', 216, 0, '2021-06-14', '2021-06-17'),
(1457, 658, 'DKDS15K', 216, 1, '2021-06-14', '2021-06-17'),
(1458, 659, 'DKDS15K', 216, 0, '2021-06-14', '2021-06-17'),
(1459, 660, 'DKDS15K', 216, 1, '2021-06-14', '2021-06-17'),
(1460, 661, 'DKDS15K', 216, 1, '2021-06-14', '2021-06-17'),
(1461, 662, 'DKDS15K', 216, 1, '2021-06-14', '2021-06-17'),
(1462, 663, 'DKDS15K', 216, 1, '2021-06-14', '2021-06-17'),
(1463, 664, 'DKDS15K', 216, 1, '2021-06-14', '2021-06-17'),
(1464, 665, 'DKDS15K', 216, 0, '2021-06-14', '2021-06-17'),
(1465, 666, 'DKDS15K', 216, 2, '2021-06-14', '2021-06-17'),
(1466, 667, 'DKDS15K', 216, 1, '2021-06-14', '2021-06-17'),
(1467, 668, 'DKDS15K', 216, 1, '2021-06-14', '2021-06-17'),
(1468, 669, 'DKDS15K', 216, 0, '2021-06-14', '2021-06-17'),
(1469, 670, 'DKDS15K', 216, 2, '2021-06-14', '2021-06-17'),
(1470, 671, 'DKDS15K', 216, 1, '2021-06-14', '2021-06-17'),
(1471, 672, 'DKDS15K', 216, 1, '2021-06-14', '2021-06-17'),
(1472, 673, 'DKDS15K', 216, 1, '2021-06-14', '2021-06-17'),
(1473, 674, 'DKDS15K', 216, 2, '2021-06-14', '2021-06-17'),
(1474, 675, 'DKDS15K', 216, 1, '2021-06-14', '2021-06-17'),
(1475, 676, 'DKDS15K', 216, 2, '2021-06-14', '2021-06-17'),
(1476, 677, 'DKDS15K', 216, 2, '2021-06-14', '2021-06-17'),
(1477, 678, 'DKDS15K', 216, 1, '2021-06-14', '2021-06-17'),
(1478, 679, 'DKDS15K', 216, 2, '2021-06-14', '2021-06-17'),
(1479, 680, 'DKDS15K', 216, 0, '2021-06-14', '2021-06-17'),
(1480, 681, 'DKDS15K', 216, 3, '2021-06-14', '2021-06-17'),
(1481, 637, 'DKDS15K', 217, 1, '2021-06-14', '2021-06-17'),
(1482, 638, 'DKDS15K', 217, 1, '2021-06-14', '2021-06-17'),
(1483, 639, 'DKDS15K', 217, 0, '2021-06-14', '2021-06-17'),
(1484, 640, 'DKDS15K', 217, 3, '2021-06-14', '2021-06-17'),
(1485, 641, 'DKDS15K', 217, 0, '2021-06-14', '2021-06-17'),
(1486, 642, 'DKDS15K', 217, 1, '2021-06-14', '2021-06-17'),
(1487, 643, 'DKDS15K', 217, 0, '2021-06-14', '2021-06-17'),
(1488, 644, 'DKDS15K', 217, 1, '2021-06-14', '2021-06-17'),
(1489, 645, 'DKDS15K', 217, 0, '2021-06-14', '2021-06-17'),
(1490, 646, 'DKDS15K', 217, 4, '2021-06-14', '2021-06-17'),
(1491, 647, 'DKDS15K', 217, 0, '2021-06-14', '2021-06-17'),
(1492, 648, 'DKDS15K', 217, 1, '2021-06-14', '2021-06-17'),
(1493, 649, 'DKDS15K', 217, 0, '2021-06-14', '2021-06-17'),
(1494, 650, 'DKDS15K', 217, 1, '2021-06-14', '2021-06-17'),
(1495, 651, 'DKDS15K', 217, 0, '2021-06-14', '2021-06-17'),
(1496, 652, 'DKDS15K', 217, 1, '2021-06-14', '2021-06-17'),
(1497, 653, 'DKDS15K', 217, 2, '2021-06-14', '2021-06-17'),
(1498, 654, 'DKDS15K', 217, 1, '2021-06-14', '2021-06-17'),
(1499, 655, 'DKDS15K', 217, 1, '2021-06-14', '2021-06-17'),
(1500, 656, 'DKDS15K', 217, 1, '2021-06-14', '2021-06-17'),
(1501, 657, 'DKDS15K', 217, 2, '2021-06-14', '2021-06-17'),
(1502, 658, 'DKDS15K', 217, 2, '2021-06-14', '2021-06-17'),
(1503, 659, 'DKDS15K', 217, 1, '2021-06-14', '2021-06-17'),
(1504, 660, 'DKDS15K', 217, 3, '2021-06-14', '2021-06-17'),
(1505, 661, 'DKDS15K', 217, 1, '2021-06-14', '2021-06-17'),
(1506, 662, 'DKDS15K', 217, 1, '2021-06-14', '2021-06-17'),
(1507, 663, 'DKDS15K', 217, 1, '2021-06-14', '2021-06-17'),
(1508, 664, 'DKDS15K', 217, 1, '2021-06-14', '2021-06-17'),
(1509, 665, 'DKDS15K', 217, 2, '2021-06-14', '2021-06-17'),
(1510, 666, 'DKDS15K', 217, 0, '2021-06-14', '2021-06-17'),
(1511, 667, 'DKDS15K', 217, 0, '2021-06-14', '2021-06-17'),
(1512, 668, 'DKDS15K', 217, 1, '2021-06-14', '2021-06-17'),
(1513, 669, 'DKDS15K', 217, 0, '2021-06-14', '2021-06-17'),
(1514, 670, 'DKDS15K', 217, 0, '2021-06-14', '2021-06-17'),
(1515, 671, 'DKDS15K', 217, 0, '2021-06-14', '2021-06-17'),
(1516, 672, 'DKDS15K', 217, 0, '2021-06-14', '2021-06-17'),
(1517, 673, 'DKDS15K', 217, 0, '2021-06-14', '2021-06-17'),
(1518, 674, 'DKDS15K', 217, 1, '2021-06-14', '2021-06-17'),
(1519, 675, 'DKDS15K', 217, 0, '2021-06-14', '2021-06-17'),
(1520, 676, 'DKDS15K', 217, 1, '2021-06-14', '2021-06-17'),
(1521, 677, 'DKDS15K', 217, 0, '2021-06-14', '2021-06-17'),
(1522, 678, 'DKDS15K', 217, 0, '2021-06-14', '2021-06-17'),
(1523, 679, 'DKDS15K', 217, 0, '2021-06-14', '2021-06-17'),
(1524, 680, 'DKDS15K', 217, 1, '2021-06-14', '2021-06-17'),
(1525, 681, 'DKDS15K', 217, 0, '2021-06-14', '2021-06-17'),
(1526, 779, 'DKDS15K', 210, 1, '2021-06-14', '2021-06-17'),
(1527, 780, 'DKDS15K', 210, 0, '2021-06-14', '2021-06-17'),
(1528, 781, 'DKDS15K', 210, 1, '2021-06-14', '2021-06-17'),
(1529, 782, 'DKDS15K', 210, 0, '2021-06-14', '2021-06-17'),
(1530, 783, 'DKDS15K', 210, 1, '2021-06-14', '2021-06-17'),
(1531, 784, 'DKDS15K', 210, 0, '2021-06-14', '2021-06-17'),
(1532, 785, 'DKDS15K', 210, 1, '2021-06-14', '2021-06-17'),
(1533, 786, 'DKDS15K', 210, 0, '2021-06-14', '2021-06-17'),
(1534, 787, 'DKDS15K', 210, 0, '2021-06-14', '2021-06-17'),
(1535, 788, 'DKDS15K', 210, 1, '2021-06-14', '2021-06-17'),
(1536, 789, 'DKDS15K', 210, 0, '2021-06-14', '2021-06-17'),
(1537, 790, 'DKDS15K', 210, 1, '2021-06-14', '2021-06-17'),
(1538, 791, 'DKDS15K', 210, 1, '2021-06-14', '2021-06-17'),
(1539, 792, 'DKDS15K', 210, 1, '2021-06-14', '2021-06-17'),
(1540, 793, 'DKDS15K', 210, 0, '2021-06-14', '2021-06-17'),
(1541, 794, 'DKDS15K', 210, 1, '2021-06-14', '2021-06-17'),
(1542, 795, 'DKDS15K', 210, 0, '2021-06-14', '2021-06-17'),
(1543, 796, 'DKDS15K', 210, 1, '2021-06-14', '2021-06-17'),
(1544, 797, 'DKDS15K', 210, 1, '2021-06-14', '2021-06-17'),
(1545, 798, 'DKDS15K', 210, 0, '2021-06-14', '2021-06-17'),
(1546, 799, 'DKDS15K', 210, 1, '2021-06-14', '2021-06-17'),
(1547, 800, 'DKDS15K', 210, 0, '2021-06-14', '2021-06-17'),
(1548, 801, 'DKDS15K', 210, 1, '2021-06-14', '2021-06-17'),
(1549, 802, 'DKDS15K', 210, 0, '2021-06-14', '2021-06-17'),
(1550, 803, 'DKDS15K', 210, 1, '2021-06-14', '2021-06-17'),
(1551, 804, 'DKDS15K', 210, 0, '2021-06-14', '2021-06-17'),
(1552, 805, 'DKDS15K', 210, 1, '2021-06-14', '2021-06-17'),
(1553, 806, 'DKDS15K', 210, 1, '2021-06-14', '2021-06-17'),
(1554, 807, 'DKDS15K', 210, 0, '2021-06-14', '2021-06-17'),
(1555, 808, 'DKDS15K', 210, 1, '2021-06-14', '2021-06-17'),
(1556, 809, 'DKDS15K', 210, 1, '2021-06-14', '2021-06-17'),
(1557, 810, 'DKDS15K', 210, 0, '2021-06-14', '2021-06-17'),
(1558, 811, 'DKDS15K', 210, 1, '2021-06-14', '2021-06-17'),
(1559, 812, 'DKDS15K', 210, 0, '2021-06-14', '2021-06-17'),
(1560, 779, 'DKDS15K', 211, 2, '2021-06-14', '2021-06-17'),
(1561, 780, 'DKDS15K', 211, 1, '2021-06-14', '2021-06-17'),
(1562, 781, 'DKDS15K', 211, 0, '2021-06-14', '2021-06-17'),
(1563, 782, 'DKDS15K', 211, 1, '2021-06-14', '2021-06-17'),
(1564, 783, 'DKDS15K', 211, 1, '2021-06-14', '2021-06-17'),
(1565, 784, 'DKDS15K', 211, 1, '2021-06-14', '2021-06-17'),
(1566, 785, 'DKDS15K', 211, 0, '2021-06-14', '2021-06-17'),
(1567, 786, 'DKDS15K', 211, 1, '2021-06-14', '2021-06-17'),
(1568, 787, 'DKDS15K', 211, 0, '2021-06-14', '2021-06-17'),
(1569, 788, 'DKDS15K', 211, 0, '2021-06-14', '2021-06-17'),
(1570, 789, 'DKDS15K', 211, 1, '2021-06-14', '2021-06-17'),
(1571, 790, 'DKDS15K', 211, 0, '2021-06-14', '2021-06-17'),
(1572, 791, 'DKDS15K', 211, 1, '2021-06-14', '2021-06-17'),
(1573, 792, 'DKDS15K', 211, 1, '2021-06-14', '2021-06-17'),
(1574, 793, 'DKDS15K', 211, 1, '2021-06-14', '2021-06-17'),
(1575, 794, 'DKDS15K', 211, 1, '2021-06-14', '2021-06-17'),
(1576, 795, 'DKDS15K', 211, 0, '2021-06-14', '2021-06-17'),
(1577, 796, 'DKDS15K', 211, 1, '2021-06-14', '2021-06-17'),
(1578, 797, 'DKDS15K', 211, 0, '2021-06-14', '2021-06-17'),
(1579, 798, 'DKDS15K', 211, 1, '2021-06-14', '2021-06-17'),
(1580, 799, 'DKDS15K', 211, 1, '2021-06-14', '2021-06-17'),
(1581, 800, 'DKDS15K', 211, 0, '2021-06-14', '2021-06-17'),
(1582, 801, 'DKDS15K', 211, 1, '2021-06-14', '2021-06-17'),
(1583, 802, 'DKDS15K', 211, 1, '2021-06-14', '2021-06-17'),
(1584, 803, 'DKDS15K', 211, 1, '2021-06-14', '2021-06-17'),
(1585, 804, 'DKDS15K', 211, 0, '2021-06-14', '2021-06-17'),
(1586, 805, 'DKDS15K', 211, 1, '2021-06-14', '2021-06-17'),
(1587, 806, 'DKDS15K', 211, 1, '2021-06-14', '2021-06-17'),
(1588, 807, 'DKDS15K', 211, 1, '2021-06-14', '2021-06-17'),
(1589, 808, 'DKDS15K', 211, 0, '2021-06-14', '2021-06-17'),
(1590, 809, 'DKDS15K', 211, 0, '2021-06-14', '2021-06-17'),
(1591, 810, 'DKDS15K', 211, 1, '2021-06-14', '2021-06-17'),
(1592, 811, 'DKDS15K', 211, 0, '2021-06-14', '2021-06-17'),
(1593, 812, 'DKDS15K', 211, 1, '2021-06-14', '2021-06-17'),
(1594, 779, 'DKDS15K', 212, 1, '2021-06-14', '2021-06-17'),
(1595, 780, 'DKDS15K', 212, 0, '2021-06-14', '2021-06-17'),
(1596, 781, 'DKDS15K', 212, 0, '2021-06-14', '2021-06-17'),
(1597, 782, 'DKDS15K', 212, 1, '2021-06-14', '2021-06-17'),
(1598, 783, 'DKDS15K', 212, 0, '2021-06-14', '2021-06-17'),
(1599, 784, 'DKDS15K', 212, 0, '2021-06-14', '2021-06-17'),
(1600, 785, 'DKDS15K', 212, 1, '2021-06-14', '2021-06-17'),
(1601, 786, 'DKDS15K', 212, 1, '2021-06-14', '2021-06-17'),
(1602, 787, 'DKDS15K', 212, 1, '2021-06-14', '2021-06-17'),
(1603, 788, 'DKDS15K', 212, 0, '2021-06-14', '2021-06-17'),
(1604, 789, 'DKDS15K', 212, 1, '2021-06-14', '2021-06-17'),
(1605, 790, 'DKDS15K', 212, 0, '2021-06-14', '2021-06-17'),
(1606, 791, 'DKDS15K', 212, 1, '2021-06-14', '2021-06-17'),
(1607, 792, 'DKDS15K', 212, 1, '2021-06-14', '2021-06-17'),
(1608, 793, 'DKDS15K', 212, 0, '2021-06-14', '2021-06-17'),
(1609, 794, 'DKDS15K', 212, 1, '2021-06-14', '2021-06-17'),
(1610, 795, 'DKDS15K', 212, 0, '2021-06-14', '2021-06-17'),
(1611, 796, 'DKDS15K', 212, 1, '2021-06-14', '2021-06-17'),
(1612, 797, 'DKDS15K', 212, 0, '2021-06-14', '2021-06-17'),
(1613, 798, 'DKDS15K', 212, 0, '2021-06-14', '2021-06-17'),
(1614, 799, 'DKDS15K', 212, 2, '2021-06-14', '2021-06-17'),
(1615, 800, 'DKDS15K', 212, 0, '2021-06-14', '2021-06-17'),
(1616, 801, 'DKDS15K', 212, 1, '2021-06-14', '2021-06-17'),
(1617, 802, 'DKDS15K', 212, 0, '2021-06-14', '2021-06-17'),
(1618, 803, 'DKDS15K', 212, 1, '2021-06-14', '2021-06-17'),
(1619, 804, 'DKDS15K', 212, 0, '2021-06-14', '2021-06-17'),
(1620, 805, 'DKDS15K', 212, 1, '2021-06-14', '2021-06-17'),
(1621, 806, 'DKDS15K', 212, 1, '2021-06-14', '2021-06-17'),
(1622, 807, 'DKDS15K', 212, 0, '2021-06-14', '2021-06-17'),
(1623, 808, 'DKDS15K', 212, 0, '2021-06-14', '2021-06-17'),
(1624, 809, 'DKDS15K', 212, 1, '2021-06-14', '2021-06-17'),
(1625, 810, 'DKDS15K', 212, 0, '2021-06-14', '2021-06-17'),
(1626, 811, 'DKDS15K', 212, 1, '2021-06-14', '2021-06-17'),
(1627, 812, 'DKDS15K', 212, 1, '2021-06-14', '2021-06-17'),
(1628, 779, 'DKDS15K', 213, 1, '2021-06-14', '2021-06-17'),
(1629, 780, 'DKDS15K', 213, 0, '2021-06-14', '2021-06-17'),
(1630, 781, 'DKDS15K', 213, 0, '2021-06-14', '2021-06-17'),
(1631, 782, 'DKDS15K', 213, 1, '2021-06-14', '2021-06-17'),
(1632, 783, 'DKDS15K', 213, 0, '2021-06-14', '2021-06-17'),
(1633, 784, 'DKDS15K', 213, 0, '2021-06-14', '2021-06-17'),
(1634, 785, 'DKDS15K', 213, 1, '2021-06-14', '2021-06-17'),
(1635, 786, 'DKDS15K', 213, 1, '2021-06-14', '2021-06-17'),
(1636, 787, 'DKDS15K', 213, 0, '2021-06-14', '2021-06-17'),
(1637, 788, 'DKDS15K', 213, 0, '2021-06-14', '2021-06-17'),
(1638, 789, 'DKDS15K', 213, 1, '2021-06-14', '2021-06-17'),
(1639, 790, 'DKDS15K', 213, 0, '2021-06-14', '2021-06-17'),
(1640, 791, 'DKDS15K', 213, 0, '2021-06-14', '2021-06-17'),
(1641, 792, 'DKDS15K', 213, 1, '2021-06-14', '2021-06-17'),
(1642, 793, 'DKDS15K', 213, 1, '2021-06-14', '2021-06-17'),
(1643, 794, 'DKDS15K', 213, 0, '2021-06-14', '2021-06-17'),
(1644, 795, 'DKDS15K', 213, 0, '2021-06-14', '2021-06-17'),
(1645, 796, 'DKDS15K', 213, 1, '2021-06-14', '2021-06-17'),
(1646, 797, 'DKDS15K', 213, 0, '2021-06-14', '2021-06-17'),
(1647, 798, 'DKDS15K', 213, 0, '2021-06-14', '2021-06-17'),
(1648, 799, 'DKDS15K', 213, 2, '2021-06-14', '2021-06-17'),
(1649, 800, 'DKDS15K', 213, 0, '2021-06-14', '2021-06-17'),
(1650, 801, 'DKDS15K', 213, 1, '2021-06-14', '2021-06-17'),
(1651, 802, 'DKDS15K', 213, 0, '2021-06-14', '2021-06-17'),
(1652, 803, 'DKDS15K', 213, 0, '2021-06-14', '2021-06-17'),
(1653, 804, 'DKDS15K', 213, 1, '2021-06-14', '2021-06-17'),
(1654, 805, 'DKDS15K', 213, 0, '2021-06-14', '2021-06-17'),
(1655, 806, 'DKDS15K', 213, 1, '2021-06-14', '2021-06-17'),
(1656, 807, 'DKDS15K', 213, 0, '2021-06-14', '2021-06-17'),
(1657, 808, 'DKDS15K', 213, 1, '2021-06-14', '2021-06-17'),
(1658, 809, 'DKDS15K', 213, 0, '2021-06-14', '2021-06-17'),
(1659, 810, 'DKDS15K', 213, 1, '2021-06-14', '2021-06-17'),
(1660, 811, 'DKDS15K', 213, 0, '2021-06-14', '2021-06-17'),
(1661, 812, 'DKDS15K', 213, 1, '2021-06-14', '2021-06-17'),
(1662, 779, 'DKDS15K', 214, 1, '2021-06-14', '2021-06-17'),
(1663, 780, 'DKDS15K', 214, 0, '2021-06-14', '2021-06-17'),
(1664, 781, 'DKDS15K', 214, 1, '2021-06-14', '2021-06-17'),
(1665, 782, 'DKDS15K', 214, 0, '2021-06-14', '2021-06-17'),
(1666, 783, 'DKDS15K', 214, 0, '2021-06-14', '2021-06-17'),
(1667, 784, 'DKDS15K', 214, 0, '2021-06-14', '2021-06-17'),
(1668, 785, 'DKDS15K', 214, 1, '2021-06-14', '2021-06-17'),
(1669, 786, 'DKDS15K', 214, 0, '2021-06-14', '2021-06-17'),
(1670, 787, 'DKDS15K', 214, 1, '2021-06-14', '2021-06-17'),
(1671, 788, 'DKDS15K', 214, 0, '2021-06-14', '2021-06-17'),
(1672, 789, 'DKDS15K', 214, 1, '2021-06-14', '2021-06-17'),
(1673, 790, 'DKDS15K', 214, 0, '2021-06-14', '2021-06-17'),
(1674, 791, 'DKDS15K', 214, 0, '2021-06-14', '2021-06-17'),
(1675, 792, 'DKDS15K', 214, 1, '2021-06-14', '2021-06-17'),
(1676, 793, 'DKDS15K', 214, 0, '2021-06-14', '2021-06-17'),
(1677, 794, 'DKDS15K', 214, 0, '2021-06-14', '2021-06-17'),
(1678, 795, 'DKDS15K', 214, 1, '2021-06-14', '2021-06-17'),
(1679, 796, 'DKDS15K', 214, 0, '2021-06-14', '2021-06-17'),
(1680, 797, 'DKDS15K', 214, 1, '2021-06-14', '2021-06-17'),
(1681, 798, 'DKDS15K', 214, 0, '2021-06-14', '2021-06-17'),
(1682, 799, 'DKDS15K', 214, 0, '2021-06-14', '2021-06-17'),
(1683, 800, 'DKDS15K', 214, 1, '2021-06-14', '2021-06-17'),
(1684, 801, 'DKDS15K', 214, 1, '2021-06-14', '2021-06-17'),
(1685, 802, 'DKDS15K', 214, 0, '2021-06-14', '2021-06-17'),
(1686, 803, 'DKDS15K', 214, 1, '2021-06-14', '2021-06-17'),
(1687, 804, 'DKDS15K', 214, 0, '2021-06-14', '2021-06-17'),
(1688, 805, 'DKDS15K', 214, 1, '2021-06-14', '2021-06-17'),
(1689, 806, 'DKDS15K', 214, 0, '2021-06-14', '2021-06-17'),
(1690, 807, 'DKDS15K', 214, 1, '2021-06-14', '2021-06-17'),
(1691, 808, 'DKDS15K', 214, 0, '2021-06-14', '2021-06-17'),
(1692, 809, 'DKDS15K', 214, 1, '2021-06-14', '2021-06-17'),
(1693, 810, 'DKDS15K', 214, 0, '2021-06-14', '2021-06-17'),
(1694, 811, 'DKDS15K', 214, 1, '2021-06-14', '2021-06-17'),
(1695, 812, 'DKDS15K', 214, 1, '2021-06-14', '2021-06-17'),
(1696, 779, 'DKDS15K', 215, 1, '2021-06-14', '2021-06-17'),
(1697, 780, 'DKDS15K', 215, 0, '2021-06-14', '2021-06-17'),
(1698, 781, 'DKDS15K', 215, 0, '2021-06-14', '2021-06-17'),
(1699, 782, 'DKDS15K', 215, 1, '2021-06-14', '2021-06-17'),
(1700, 783, 'DKDS15K', 215, 0, '2021-06-14', '2021-06-17'),
(1701, 784, 'DKDS15K', 215, 0, '2021-06-14', '2021-06-17'),
(1702, 785, 'DKDS15K', 215, 1, '2021-06-14', '2021-06-17'),
(1703, 786, 'DKDS15K', 215, 0, '2021-06-14', '2021-06-17'),
(1704, 787, 'DKDS15K', 215, 0, '2021-06-14', '2021-06-17'),
(1705, 788, 'DKDS15K', 215, 0, '2021-06-14', '2021-06-17'),
(1706, 789, 'DKDS15K', 215, 1, '2021-06-14', '2021-06-17'),
(1707, 790, 'DKDS15K', 215, 0, '2021-06-14', '2021-06-17'),
(1708, 791, 'DKDS15K', 215, 1, '2021-06-14', '2021-06-17'),
(1709, 792, 'DKDS15K', 215, 0, '2021-06-14', '2021-06-17'),
(1710, 793, 'DKDS15K', 215, 0, '2021-06-14', '2021-06-17'),
(1711, 794, 'DKDS15K', 215, 1, '2021-06-14', '2021-06-17'),
(1712, 795, 'DKDS15K', 215, 1, '2021-06-14', '2021-06-17'),
(1713, 796, 'DKDS15K', 215, 0, '2021-06-14', '2021-06-17'),
(1714, 797, 'DKDS15K', 215, 2, '2021-06-14', '2021-06-17'),
(1715, 798, 'DKDS15K', 215, 0, '2021-06-14', '2021-06-17'),
(1716, 799, 'DKDS15K', 215, 1, '2021-06-14', '2021-06-17'),
(1717, 800, 'DKDS15K', 215, 0, '2021-06-14', '2021-06-17'),
(1718, 801, 'DKDS15K', 215, 1, '2021-06-14', '2021-06-17'),
(1719, 802, 'DKDS15K', 215, 0, '2021-06-14', '2021-06-17'),
(1720, 803, 'DKDS15K', 215, 0, '2021-06-14', '2021-06-17'),
(1721, 804, 'DKDS15K', 215, 0, '2021-06-14', '2021-06-17'),
(1722, 805, 'DKDS15K', 215, 0, '2021-06-14', '2021-06-17'),
(1723, 806, 'DKDS15K', 215, 1, '2021-06-14', '2021-06-17'),
(1724, 807, 'DKDS15K', 215, 0, '2021-06-14', '2021-06-17'),
(1725, 808, 'DKDS15K', 215, 0, '2021-06-14', '2021-06-17'),
(1726, 809, 'DKDS15K', 215, 1, '2021-06-14', '2021-06-17'),
(1727, 810, 'DKDS15K', 215, 0, '2021-06-14', '2021-06-17'),
(1728, 811, 'DKDS15K', 215, 2, '2021-06-14', '2021-06-17'),
(1729, 812, 'DKDS15K', 215, 0, '2021-06-14', '2021-06-17'),
(1730, 779, 'DKDS15K', 216, 1, '2021-06-14', '2021-06-17'),
(1731, 780, 'DKDS15K', 216, 0, '2021-06-14', '2021-06-17'),
(1732, 781, 'DKDS15K', 216, 0, '2021-06-14', '2021-06-17'),
(1733, 782, 'DKDS15K', 216, 1, '2021-06-14', '2021-06-17'),
(1734, 783, 'DKDS15K', 216, 0, '2021-06-14', '2021-06-17'),
(1735, 784, 'DKDS15K', 216, 1, '2021-06-14', '2021-06-17'),
(1736, 785, 'DKDS15K', 216, 1, '2021-06-14', '2021-06-17'),
(1737, 786, 'DKDS15K', 216, 0, '2021-06-14', '2021-06-17'),
(1738, 787, 'DKDS15K', 216, 1, '2021-06-14', '2021-06-17'),
(1739, 788, 'DKDS15K', 216, 0, '2021-06-14', '2021-06-17'),
(1740, 789, 'DKDS15K', 216, 0, '2021-06-14', '2021-06-17'),
(1741, 790, 'DKDS15K', 216, 1, '2021-06-14', '2021-06-17'),
(1742, 791, 'DKDS15K', 216, 0, '2021-06-14', '2021-06-17'),
(1743, 792, 'DKDS15K', 216, 1, '2021-06-14', '2021-06-17'),
(1744, 793, 'DKDS15K', 216, 0, '2021-06-14', '2021-06-17'),
(1745, 794, 'DKDS15K', 216, 1, '2021-06-14', '2021-06-17'),
(1746, 795, 'DKDS15K', 216, 1, '2021-06-14', '2021-06-17'),
(1747, 796, 'DKDS15K', 216, 0, '2021-06-14', '2021-06-17'),
(1748, 797, 'DKDS15K', 216, 1, '2021-06-14', '2021-06-17'),
(1749, 798, 'DKDS15K', 216, 0, '2021-06-14', '2021-06-17'),
(1750, 799, 'DKDS15K', 216, 0, '2021-06-14', '2021-06-17'),
(1751, 800, 'DKDS15K', 216, 1, '2021-06-14', '2021-06-17'),
(1752, 801, 'DKDS15K', 216, 0, '2021-06-14', '2021-06-17'),
(1753, 802, 'DKDS15K', 216, 0, '2021-06-14', '2021-06-17'),
(1754, 803, 'DKDS15K', 216, 1, '2021-06-14', '2021-06-17'),
(1755, 804, 'DKDS15K', 216, 0, '2021-06-14', '2021-06-17'),
(1756, 805, 'DKDS15K', 216, 0, '2021-06-14', '2021-06-17'),
(1757, 806, 'DKDS15K', 216, 1, '2021-06-14', '2021-06-17'),
(1758, 807, 'DKDS15K', 216, 0, '2021-06-14', '2021-06-17'),
(1759, 808, 'DKDS15K', 216, 1, '2021-06-14', '2021-06-17'),
(1760, 809, 'DKDS15K', 216, 0, '2021-06-14', '2021-06-17'),
(1761, 810, 'DKDS15K', 216, 0, '2021-06-14', '2021-06-17'),
(1762, 811, 'DKDS15K', 216, 1, '2021-06-14', '2021-06-17'),
(1763, 812, 'DKDS15K', 216, 0, '2021-06-14', '2021-06-17'),
(1764, 779, 'DKDS15K', 217, 1, '2021-06-14', '2021-06-17'),
(1765, 780, 'DKDS15K', 217, 0, '2021-06-14', '2021-06-17'),
(1766, 781, 'DKDS15K', 217, 1, '2021-06-14', '2021-06-17'),
(1767, 782, 'DKDS15K', 217, 0, '2021-06-14', '2021-06-17'),
(1768, 783, 'DKDS15K', 217, 0, '2021-06-14', '2021-06-17'),
(1769, 784, 'DKDS15K', 217, 1, '2021-06-14', '2021-06-17'),
(1770, 785, 'DKDS15K', 217, 0, '2021-06-14', '2021-06-17'),
(1771, 786, 'DKDS15K', 217, 1, '2021-06-14', '2021-06-17'),
(1772, 787, 'DKDS15K', 217, 0, '2021-06-14', '2021-06-17'),
(1773, 788, 'DKDS15K', 217, 1, '2021-06-14', '2021-06-17'),
(1774, 789, 'DKDS15K', 217, 0, '2021-06-14', '2021-06-17'),
(1775, 790, 'DKDS15K', 217, 0, '2021-06-14', '2021-06-17'),
(1776, 791, 'DKDS15K', 217, 1, '2021-06-14', '2021-06-17'),
(1777, 792, 'DKDS15K', 217, 0, '2021-06-14', '2021-06-17'),
(1778, 793, 'DKDS15K', 217, 0, '2021-06-14', '2021-06-17'),
(1779, 794, 'DKDS15K', 217, 1, '2021-06-14', '2021-06-17'),
(1780, 795, 'DKDS15K', 217, 1, '2021-06-14', '2021-06-17'),
(1781, 796, 'DKDS15K', 217, 1, '2021-06-14', '2021-06-17'),
(1782, 797, 'DKDS15K', 217, 0, '2021-06-14', '2021-06-17'),
(1783, 798, 'DKDS15K', 217, 1, '2021-06-14', '2021-06-17'),
(1784, 799, 'DKDS15K', 217, 0, '2021-06-14', '2021-06-17'),
(1785, 800, 'DKDS15K', 217, 0, '2021-06-14', '2021-06-17'),
(1786, 801, 'DKDS15K', 217, 0, '2021-06-14', '2021-06-17'),
(1787, 802, 'DKDS15K', 217, 3, '2021-06-14', '2021-06-17'),
(1788, 803, 'DKDS15K', 217, 0, '2021-06-14', '2021-06-17'),
(1789, 804, 'DKDS15K', 217, 0, '2021-06-14', '2021-06-17'),
(1790, 805, 'DKDS15K', 217, 0, '2021-06-14', '2021-06-17'),
(1791, 806, 'DKDS15K', 217, 1, '2021-06-14', '2021-06-17'),
(1792, 807, 'DKDS15K', 217, 3, '2021-06-14', '2021-06-17'),
(1793, 808, 'DKDS15K', 217, 0, '2021-06-14', '2021-06-17'),
(1794, 809, 'DKDS15K', 217, 0, '2021-06-14', '2021-06-17'),
(1795, 810, 'DKDS15K', 217, 0, '2021-06-14', '2021-06-17'),
(1796, 811, 'DKDS15K', 217, 4, '2021-06-14', '2021-06-17'),
(1797, 812, 'DKDS15K', 217, 0, '2021-06-14', '2021-06-17'),
(1798, 617, 'DKDS15K', 107, 2, '2021-06-14', '2021-06-17'),
(1799, 592, 'DKDS15K', 107, 1, '2021-06-14', '2021-06-17'),
(1800, 593, 'DKDS15K', 107, 0, '2021-06-14', '2021-06-17'),
(1801, 618, 'DKDS15K', 107, 0, '2021-06-14', '2021-06-17'),
(1802, 594, 'DKDS15K', 107, 1, '2021-06-14', '2021-06-17'),
(1803, 619, 'DKDS15K', 107, 0, '2021-06-14', '2021-06-17'),
(1804, 636, 'DKDS15K', 107, 1, '2021-06-14', '2021-06-17'),
(1805, 595, 'DKDS15K', 107, 0, '2021-06-14', '2021-06-17'),
(1806, 596, 'DKDS15K', 107, 0, '2021-06-14', '2021-06-17'),
(1807, 620, 'DKDS15K', 107, 1, '2021-06-14', '2021-06-17'),
(1808, 597, 'DKDS15K', 107, 0, '2021-06-14', '2021-06-17'),
(1809, 598, 'DKDS15K', 107, 1, '2021-06-14', '2021-06-17'),
(1810, 635, 'DKDS15K', 107, 1, '2021-06-14', '2021-06-17'),
(1811, 621, 'DKDS15K', 107, 0, '2021-06-14', '2021-06-17'),
(1812, 622, 'DKDS15K', 107, 1, '2021-06-14', '2021-06-17'),
(1813, 599, 'DKDS15K', 107, 0, '2021-06-14', '2021-06-17'),
(1814, 600, 'DKDS15K', 107, 1, '2021-06-14', '2021-06-17'),
(1815, 601, 'DKDS15K', 107, 1, '2021-06-14', '2021-06-17'),
(1816, 602, 'DKDS15K', 107, 0, '2021-06-14', '2021-06-17'),
(1817, 603, 'DKDS15K', 107, 1, '2021-06-14', '2021-06-17'),
(1818, 623, 'DKDS15K', 107, 1, '2021-06-14', '2021-06-17'),
(1819, 624, 'DKDS15K', 107, 0, '2021-06-14', '2021-06-17'),
(1820, 604, 'DKDS15K', 107, 1, '2021-06-14', '2021-06-17'),
(1821, 625, 'DKDS15K', 107, 0, '2021-06-14', '2021-06-17'),
(1822, 626, 'DKDS15K', 107, 1, '2021-06-14', '2021-06-17'),
(1823, 627, 'DKDS15K', 107, 1, '2021-06-14', '2021-06-17'),
(1824, 628, 'DKDS15K', 107, 1, '2021-06-14', '2021-06-17'),
(1825, 605, 'DKDS15K', 107, 0, '2021-06-14', '2021-06-17'),
(1826, 606, 'DKDS15K', 107, 0, '2021-06-14', '2021-06-17'),
(1827, 629, 'DKDS15K', 107, 1, '2021-06-14', '2021-06-17'),
(1828, 607, 'DKDS15K', 107, 0, '2021-06-14', '2021-06-17'),
(1829, 608, 'DKDS15K', 107, 1, '2021-06-14', '2021-06-17'),
(1830, 609, 'DKDS15K', 107, 0, '2021-06-14', '2021-06-17'),
(1831, 630, 'DKDS15K', 107, 1, '2021-06-14', '2021-06-17'),
(1832, 610, 'DKDS15K', 107, 0, '2021-06-14', '2021-06-17'),
(1833, 631, 'DKDS15K', 107, 0, '2021-06-14', '2021-06-17'),
(1834, 611, 'DKDS15K', 107, 1, '2021-06-14', '2021-06-17'),
(1835, 612, 'DKDS15K', 107, 0, '2021-06-14', '2021-06-17'),
(1836, 613, 'DKDS15K', 107, 0, '2021-06-14', '2021-06-17'),
(1837, 632, 'DKDS15K', 107, 0, '2021-06-14', '2021-06-17'),
(1838, 633, 'DKDS15K', 107, 1, '2021-06-14', '2021-06-17'),
(1839, 614, 'DKDS15K', 107, 1, '2021-06-14', '2021-06-17'),
(1840, 615, 'DKDS15K', 107, 0, '2021-06-14', '2021-06-17'),
(1841, 634, 'DKDS15K', 107, 0, '2021-06-14', '2021-06-17'),
(1842, 616, 'DKDS15K', 107, 1, '2021-06-14', '2021-06-17'),
(1843, 617, 'DKDS15K', 133, 1, '2021-06-14', '2021-06-17'),
(1844, 592, 'DKDS15K', 133, 0, '2021-06-14', '2021-06-17'),
(1845, 593, 'DKDS15K', 133, 1, '2021-06-14', '2021-06-17'),
(1846, 618, 'DKDS15K', 133, 0, '2021-06-14', '2021-06-17'),
(1847, 594, 'DKDS15K', 133, 0, '2021-06-14', '2021-06-17'),
(1848, 619, 'DKDS15K', 133, 1, '2021-06-14', '2021-06-17'),
(1849, 636, 'DKDS15K', 133, 1, '2021-06-14', '2021-06-17'),
(1850, 595, 'DKDS15K', 133, 0, '2021-06-14', '2021-06-17'),
(1851, 596, 'DKDS15K', 133, 1, '2021-06-14', '2021-06-17'),
(1852, 620, 'DKDS15K', 133, 0, '2021-06-14', '2021-06-17'),
(1853, 597, 'DKDS15K', 133, 0, '2021-06-14', '2021-06-17'),
(1854, 598, 'DKDS15K', 133, 1, '2021-06-14', '2021-06-17'),
(1855, 635, 'DKDS15K', 133, 0, '2021-06-14', '2021-06-17'),
(1856, 621, 'DKDS15K', 133, 1, '2021-06-14', '2021-06-17'),
(1857, 622, 'DKDS15K', 133, 0, '2021-06-14', '2021-06-17'),
(1858, 599, 'DKDS15K', 133, 0, '2021-06-14', '2021-06-17'),
(1859, 600, 'DKDS15K', 133, 1, '2021-06-14', '2021-06-17'),
(1860, 601, 'DKDS15K', 133, 1, '2021-06-14', '2021-06-17'),
(1861, 602, 'DKDS15K', 133, 0, '2021-06-14', '2021-06-17'),
(1862, 603, 'DKDS15K', 133, 1, '2021-06-14', '2021-06-17'),
(1863, 623, 'DKDS15K', 133, 0, '2021-06-14', '2021-06-17'),
(1864, 624, 'DKDS15K', 133, 1, '2021-06-14', '2021-06-17'),
(1865, 604, 'DKDS15K', 133, 0, '2021-06-14', '2021-06-17'),
(1866, 625, 'DKDS15K', 133, 1, '2021-06-14', '2021-06-17'),
(1867, 626, 'DKDS15K', 133, 0, '2021-06-14', '2021-06-17'),
(1868, 627, 'DKDS15K', 133, 1, '2021-06-14', '2021-06-17'),
(1869, 628, 'DKDS15K', 133, 0, '2021-06-14', '2021-06-17'),
(1870, 605, 'DKDS15K', 133, 1, '2021-06-14', '2021-06-17'),
(1871, 606, 'DKDS15K', 133, 1, '2021-06-14', '2021-06-17'),
(1872, 629, 'DKDS15K', 133, 0, '2021-06-14', '2021-06-17'),
(1873, 607, 'DKDS15K', 133, 0, '2021-06-14', '2021-06-17'),
(1874, 608, 'DKDS15K', 133, 1, '2021-06-14', '2021-06-17'),
(1875, 609, 'DKDS15K', 133, 0, '2021-06-14', '2021-06-17'),
(1876, 630, 'DKDS15K', 133, 1, '2021-06-14', '2021-06-17'),
(1877, 610, 'DKDS15K', 133, 0, '2021-06-14', '2021-06-17'),
(1878, 631, 'DKDS15K', 133, 1, '2021-06-14', '2021-06-17'),
(1879, 611, 'DKDS15K', 133, 0, '2021-06-14', '2021-06-17'),
(1880, 612, 'DKDS15K', 133, 0, '2021-06-14', '2021-06-17'),
(1881, 613, 'DKDS15K', 133, 1, '2021-06-14', '2021-06-17'),
(1882, 632, 'DKDS15K', 133, 1, '2021-06-14', '2021-06-17'),
(1883, 633, 'DKDS15K', 133, 0, '2021-06-14', '2021-06-17'),
(1884, 614, 'DKDS15K', 133, 1, '2021-06-14', '2021-06-17'),
(1885, 615, 'DKDS15K', 133, 0, '2021-06-14', '2021-06-17'),
(1886, 634, 'DKDS15K', 133, 1, '2021-06-14', '2021-06-17'),
(1887, 616, 'DKDS15K', 133, 0, '2021-06-14', '2021-06-17'),
(1888, 617, 'DKDS15K', 156, 1, '2021-06-14', '2021-06-17'),
(1889, 592, 'DKDS15K', 156, 0, '2021-06-14', '2021-06-17'),
(1890, 593, 'DKDS15K', 156, 1, '2021-06-14', '2021-06-17'),
(1891, 618, 'DKDS15K', 156, 1, '2021-06-14', '2021-06-17'),
(1892, 594, 'DKDS15K', 156, 0, '2021-06-14', '2021-06-17'),
(1893, 619, 'DKDS15K', 156, 0, '2021-06-14', '2021-06-17'),
(1894, 636, 'DKDS15K', 156, 1, '2021-06-14', '2021-06-17'),
(1895, 595, 'DKDS15K', 156, 1, '2021-06-14', '2021-06-17'),
(1896, 596, 'DKDS15K', 156, 0, '2021-06-14', '2021-06-17'),
(1897, 620, 'DKDS15K', 156, 1, '2021-06-14', '2021-06-17'),
(1898, 597, 'DKDS15K', 156, 0, '2021-06-14', '2021-06-17'),
(1899, 598, 'DKDS15K', 156, 1, '2021-06-14', '2021-06-17'),
(1900, 635, 'DKDS15K', 156, 0, '2021-06-14', '2021-06-17'),
(1901, 621, 'DKDS15K', 156, 2, '2021-06-14', '2021-06-17'),
(1902, 622, 'DKDS15K', 156, 1, '2021-06-14', '2021-06-17'),
(1903, 599, 'DKDS15K', 156, 1, '2021-06-14', '2021-06-17'),
(1904, 600, 'DKDS15K', 156, 1, '2021-06-14', '2021-06-17'),
(1905, 601, 'DKDS15K', 156, 0, '2021-06-14', '2021-06-17'),
(1906, 602, 'DKDS15K', 156, 1, '2021-06-14', '2021-06-17'),
(1907, 603, 'DKDS15K', 156, 0, '2021-06-14', '2021-06-17'),
(1908, 623, 'DKDS15K', 156, 1, '2021-06-14', '2021-06-17'),
(1909, 624, 'DKDS15K', 156, 0, '2021-06-14', '2021-06-17'),
(1910, 604, 'DKDS15K', 156, 2, '2021-06-14', '2021-06-17'),
(1911, 625, 'DKDS15K', 156, 0, '2021-06-14', '2021-06-17'),
(1912, 626, 'DKDS15K', 156, 1, '2021-06-14', '2021-06-17'),
(1913, 627, 'DKDS15K', 156, 0, '2021-06-14', '2021-06-17'),
(1914, 628, 'DKDS15K', 156, 0, '2021-06-14', '2021-06-17'),
(1915, 605, 'DKDS15K', 156, 1, '2021-06-14', '2021-06-17'),
(1916, 606, 'DKDS15K', 156, 0, '2021-06-14', '2021-06-17'),
(1917, 629, 'DKDS15K', 156, 0, '2021-06-14', '2021-06-17'),
(1918, 607, 'DKDS15K', 156, 1, '2021-06-14', '2021-06-17'),
(1919, 608, 'DKDS15K', 156, 0, '2021-06-14', '2021-06-17'),
(1920, 609, 'DKDS15K', 156, 0, '2021-06-14', '2021-06-17'),
(1921, 630, 'DKDS15K', 156, 1, '2021-06-14', '2021-06-17'),
(1922, 610, 'DKDS15K', 156, 0, '2021-06-14', '2021-06-17'),
(1923, 631, 'DKDS15K', 156, 1, '2021-06-14', '2021-06-17'),
(1924, 611, 'DKDS15K', 156, 0, '2021-06-14', '2021-06-17'),
(1925, 612, 'DKDS15K', 156, 0, '2021-06-14', '2021-06-17'),
(1926, 613, 'DKDS15K', 156, 1, '2021-06-14', '2021-06-17'),
(1927, 632, 'DKDS15K', 156, 1, '2021-06-14', '2021-06-17'),
(1928, 633, 'DKDS15K', 156, 0, '2021-06-14', '2021-06-17'),
(1929, 614, 'DKDS15K', 156, 1, '2021-06-14', '2021-06-17'),
(1930, 615, 'DKDS15K', 156, 0, '2021-06-14', '2021-06-17'),
(1931, 634, 'DKDS15K', 156, 1, '2021-06-14', '2021-06-17'),
(1932, 616, 'DKDS15K', 156, 0, '2021-06-14', '2021-06-17'),
(1933, 617, 'DKDS15K', 171, 1, '2021-06-14', '2021-06-17'),
(1934, 592, 'DKDS15K', 171, 0, '2021-06-14', '2021-06-17'),
(1935, 593, 'DKDS15K', 171, 1, '2021-06-14', '2021-06-17'),
(1936, 618, 'DKDS15K', 171, 0, '2021-06-14', '2021-06-17'),
(1937, 594, 'DKDS15K', 171, 0, '2021-06-14', '2021-06-17'),
(1938, 619, 'DKDS15K', 171, 0, '2021-06-14', '2021-06-17'),
(1939, 636, 'DKDS15K', 171, 0, '2021-06-14', '2021-06-17'),
(1940, 595, 'DKDS15K', 171, 1, '2021-06-14', '2021-06-17'),
(1941, 596, 'DKDS15K', 171, 0, '2021-06-14', '2021-06-17'),
(1942, 620, 'DKDS15K', 171, 1, '2021-06-14', '2021-06-17'),
(1943, 597, 'DKDS15K', 171, 0, '2021-06-14', '2021-06-17'),
(1944, 598, 'DKDS15K', 171, 0, '2021-06-14', '2021-06-17'),
(1945, 635, 'DKDS15K', 171, 0, '2021-06-14', '2021-06-17'),
(1946, 621, 'DKDS15K', 171, 1, '2021-06-14', '2021-06-17'),
(1947, 622, 'DKDS15K', 171, 0, '2021-06-14', '2021-06-17'),
(1948, 599, 'DKDS15K', 171, 1, '2021-06-14', '2021-06-17'),
(1949, 600, 'DKDS15K', 171, 0, '2021-06-14', '2021-06-17'),
(1950, 601, 'DKDS15K', 171, 1, '2021-06-14', '2021-06-17'),
(1951, 602, 'DKDS15K', 171, 0, '2021-06-14', '2021-06-17'),
(1952, 603, 'DKDS15K', 171, 1, '2021-06-14', '2021-06-17'),
(1953, 623, 'DKDS15K', 171, 0, '2021-06-14', '2021-06-17'),
(1954, 624, 'DKDS15K', 171, 1, '2021-06-14', '2021-06-17'),
(1955, 604, 'DKDS15K', 171, 0, '2021-06-14', '2021-06-17'),
(1956, 625, 'DKDS15K', 171, 0, '2021-06-14', '2021-06-17'),
(1957, 626, 'DKDS15K', 171, 0, '2021-06-14', '2021-06-17'),
(1958, 627, 'DKDS15K', 171, 0, '2021-06-14', '2021-06-17'),
(1959, 628, 'DKDS15K', 171, 0, '2021-06-14', '2021-06-17'),
(1960, 605, 'DKDS15K', 171, 1, '2021-06-14', '2021-06-17'),
(1961, 606, 'DKDS15K', 171, 0, '2021-06-14', '2021-06-17'),
(1962, 629, 'DKDS15K', 171, 0, '2021-06-14', '2021-06-17'),
(1963, 607, 'DKDS15K', 171, 1, '2021-06-14', '2021-06-17'),
(1964, 608, 'DKDS15K', 171, 1, '2021-06-14', '2021-06-17'),
(1965, 609, 'DKDS15K', 171, 0, '2021-06-14', '2021-06-17'),
(1966, 630, 'DKDS15K', 171, 0, '2021-06-14', '2021-06-17'),
(1967, 610, 'DKDS15K', 171, 0, '2021-06-14', '2021-06-17'),
(1968, 631, 'DKDS15K', 171, 1, '2021-06-14', '2021-06-17'),
(1969, 611, 'DKDS15K', 171, 0, '2021-06-14', '2021-06-17'),
(1970, 612, 'DKDS15K', 171, 0, '2021-06-14', '2021-06-17'),
(1971, 613, 'DKDS15K', 171, 1, '2021-06-14', '2021-06-17'),
(1972, 632, 'DKDS15K', 171, 1, '2021-06-14', '2021-06-17'),
(1973, 633, 'DKDS15K', 171, 0, '2021-06-14', '2021-06-17'),
(1974, 614, 'DKDS15K', 171, 1, '2021-06-14', '2021-06-17'),
(1975, 615, 'DKDS15K', 171, 0, '2021-06-14', '2021-06-17'),
(1976, 634, 'DKDS15K', 171, 1, '2021-06-14', '2021-06-17'),
(1977, 616, 'DKDS15K', 171, 0, '2021-06-14', '2021-06-17'),
(1978, 617, 'DKDS15K', 193, 0, '2021-06-14', '2021-06-17'),
(1979, 592, 'DKDS15K', 193, 1, '2021-06-14', '2021-06-17'),
(1980, 593, 'DKDS15K', 193, 0, '2021-06-14', '2021-06-17'),
(1981, 618, 'DKDS15K', 193, 1, '2021-06-14', '2021-06-17'),
(1982, 594, 'DKDS15K', 193, 0, '2021-06-14', '2021-06-17'),
(1983, 619, 'DKDS15K', 193, 0, '2021-06-14', '2021-06-17'),
(1984, 636, 'DKDS15K', 193, 0, '2021-06-14', '2021-06-17'),
(1985, 595, 'DKDS15K', 193, 0, '2021-06-14', '2021-06-17'),
(1986, 596, 'DKDS15K', 193, 1, '2021-06-14', '2021-06-17'),
(1987, 620, 'DKDS15K', 193, 0, '2021-06-14', '2021-06-17'),
(1988, 597, 'DKDS15K', 193, 1, '2021-06-14', '2021-06-17'),
(1989, 598, 'DKDS15K', 193, 0, '2021-06-14', '2021-06-17'),
(1990, 635, 'DKDS15K', 193, 1, '2021-06-14', '2021-06-17'),
(1991, 621, 'DKDS15K', 193, 0, '2021-06-14', '2021-06-17'),
(1992, 622, 'DKDS15K', 193, 1, '2021-06-14', '2021-06-17'),
(1993, 599, 'DKDS15K', 193, 0, '2021-06-14', '2021-06-17'),
(1994, 600, 'DKDS15K', 193, 1, '2021-06-14', '2021-06-17'),
(1995, 601, 'DKDS15K', 193, 0, '2021-06-14', '2021-06-17'),
(1996, 602, 'DKDS15K', 193, 0, '2021-06-14', '2021-06-17'),
(1997, 603, 'DKDS15K', 193, 1, '2021-06-14', '2021-06-17'),
(1998, 623, 'DKDS15K', 193, 0, '2021-06-14', '2021-06-17'),
(1999, 624, 'DKDS15K', 193, 1, '2021-06-14', '2021-06-17'),
(2000, 604, 'DKDS15K', 193, 1, '2021-06-14', '2021-06-17'),
(2001, 625, 'DKDS15K', 193, 1, '2021-06-14', '2021-06-17'),
(2002, 626, 'DKDS15K', 193, 0, '2021-06-14', '2021-06-17'),
(2003, 627, 'DKDS15K', 193, 1, '2021-06-14', '2021-06-17'),
(2004, 628, 'DKDS15K', 193, 0, '2021-06-14', '2021-06-17'),
(2005, 605, 'DKDS15K', 193, 0, '2021-06-14', '2021-06-17'),
(2006, 606, 'DKDS15K', 193, 1, '2021-06-14', '2021-06-17'),
(2007, 629, 'DKDS15K', 193, 0, '2021-06-14', '2021-06-17'),
(2008, 607, 'DKDS15K', 193, 1, '2021-06-14', '2021-06-17'),
(2009, 608, 'DKDS15K', 193, 0, '2021-06-14', '2021-06-17'),
(2010, 609, 'DKDS15K', 193, 0, '2021-06-14', '2021-06-17'),
(2011, 630, 'DKDS15K', 193, 0, '2021-06-14', '2021-06-17'),
(2012, 610, 'DKDS15K', 193, 0, '2021-06-14', '2021-06-17'),
(2013, 631, 'DKDS15K', 193, 0, '2021-06-14', '2021-06-17'),
(2014, 611, 'DKDS15K', 193, 1, '2021-06-14', '2021-06-17'),
(2015, 612, 'DKDS15K', 193, 0, '2021-06-14', '2021-06-17'),
(2016, 613, 'DKDS15K', 193, 1, '2021-06-14', '2021-06-17'),
(2017, 632, 'DKDS15K', 193, 0, '2021-06-14', '2021-06-17'),
(2018, 633, 'DKDS15K', 193, 1, '2021-06-14', '2021-06-17'),
(2019, 614, 'DKDS15K', 193, 0, '2021-06-14', '2021-06-17'),
(2020, 615, 'DKDS15K', 193, 1, '2021-06-14', '2021-06-17'),
(2021, 634, 'DKDS15K', 193, 0, '2021-06-14', '2021-06-17'),
(2022, 616, 'DKDS15K', 193, 0, '2021-06-14', '2021-06-17'),
(2023, 702, 'DKDS15K', 112, 2, '2021-06-14', '2021-06-17'),
(2024, 703, 'DKDS15K', 112, 1, '2021-06-14', '2021-06-17'),
(2025, 704, 'DKDS15K', 112, 1, '2021-06-14', '2021-06-17');
INSERT INTO `faltas` (`id_falta`, `id_alumno`, `id_profesor`, `id_materia`, `faltas`, `semana`, `dia_registro`) VALUES
(2026, 705, 'DKDS15K', 112, 1, '2021-06-14', '2021-06-17'),
(2027, 706, 'DKDS15K', 112, 1, '2021-06-14', '2021-06-17'),
(2028, 707, 'DKDS15K', 112, 0, '2021-06-14', '2021-06-17'),
(2029, 708, 'DKDS15K', 112, 1, '2021-06-14', '2021-06-17'),
(2030, 709, 'DKDS15K', 112, 1, '2021-06-14', '2021-06-17'),
(2031, 710, 'DKDS15K', 112, 1, '2021-06-14', '2021-06-17'),
(2032, 711, 'DKDS15K', 112, 0, '2021-06-14', '2021-06-17'),
(2033, 712, 'DKDS15K', 112, 1, '2021-06-14', '2021-06-17'),
(2034, 713, 'DKDS15K', 112, 1, '2021-06-14', '2021-06-17'),
(2035, 714, 'DKDS15K', 112, 1, '2021-06-14', '2021-06-17'),
(2036, 715, 'DKDS15K', 112, 1, '2021-06-14', '2021-06-17'),
(2037, 716, 'DKDS15K', 112, 0, '2021-06-14', '2021-06-17'),
(2038, 717, 'DKDS15K', 112, 0, '2021-06-14', '2021-06-17'),
(2039, 718, 'DKDS15K', 112, 1, '2021-06-14', '2021-06-17'),
(2040, 719, 'DKDS15K', 112, 0, '2021-06-14', '2021-06-17'),
(2041, 720, 'DKDS15K', 112, 0, '2021-06-14', '2021-06-17'),
(2042, 721, 'DKDS15K', 112, 1, '2021-06-14', '2021-06-17'),
(2043, 722, 'DKDS15K', 112, 0, '2021-06-14', '2021-06-17'),
(2044, 723, 'DKDS15K', 112, 1, '2021-06-14', '2021-06-17'),
(2045, 724, 'DKDS15K', 112, 0, '2021-06-14', '2021-06-17'),
(2046, 725, 'DKDS15K', 112, 0, '2021-06-14', '2021-06-17'),
(2047, 726, 'DKDS15K', 112, 1, '2021-06-14', '2021-06-17'),
(2048, 727, 'DKDS15K', 112, 0, '2021-06-14', '2021-06-17'),
(2049, 728, 'DKDS15K', 112, 0, '2021-06-14', '2021-06-17'),
(2050, 729, 'DKDS15K', 112, 1, '2021-06-14', '2021-06-17'),
(2051, 730, 'DKDS15K', 112, 1, '2021-06-14', '2021-06-17'),
(2052, 731, 'DKDS15K', 112, 1, '2021-06-14', '2021-06-17'),
(2053, 732, 'DKDS15K', 112, 0, '2021-06-14', '2021-06-17'),
(2054, 736, 'DKDS15K', 112, 1, '2021-06-14', '2021-06-17'),
(2055, 733, 'DKDS15K', 112, 1, '2021-06-14', '2021-06-17'),
(2056, 734, 'DKDS15K', 112, 0, '2021-06-14', '2021-06-17'),
(2057, 735, 'DKDS15K', 112, 0, '2021-06-14', '2021-06-17'),
(2058, 702, 'DKDS15K', 129, 1, '2021-06-14', '2021-06-17'),
(2059, 703, 'DKDS15K', 129, 0, '2021-06-14', '2021-06-17'),
(2060, 704, 'DKDS15K', 129, 1, '2021-06-14', '2021-06-17'),
(2061, 705, 'DKDS15K', 129, 0, '2021-06-14', '2021-06-17'),
(2062, 706, 'DKDS15K', 129, 1, '2021-06-14', '2021-06-17'),
(2063, 707, 'DKDS15K', 129, 0, '2021-06-14', '2021-06-17'),
(2064, 708, 'DKDS15K', 129, 0, '2021-06-14', '2021-06-17'),
(2065, 709, 'DKDS15K', 129, 0, '2021-06-14', '2021-06-17'),
(2066, 710, 'DKDS15K', 129, 1, '2021-06-14', '2021-06-17'),
(2067, 711, 'DKDS15K', 129, 0, '2021-06-14', '2021-06-17'),
(2068, 712, 'DKDS15K', 129, 0, '2021-06-14', '2021-06-17'),
(2069, 713, 'DKDS15K', 129, 0, '2021-06-14', '2021-06-17'),
(2070, 714, 'DKDS15K', 129, 1, '2021-06-14', '2021-06-17'),
(2071, 715, 'DKDS15K', 129, 0, '2021-06-14', '2021-06-17'),
(2072, 716, 'DKDS15K', 129, 0, '2021-06-14', '2021-06-17'),
(2073, 717, 'DKDS15K', 129, 0, '2021-06-14', '2021-06-17'),
(2074, 718, 'DKDS15K', 129, 1, '2021-06-14', '2021-06-17'),
(2075, 719, 'DKDS15K', 129, 1, '2021-06-14', '2021-06-17'),
(2076, 720, 'DKDS15K', 129, 0, '2021-06-14', '2021-06-17'),
(2077, 721, 'DKDS15K', 129, 0, '2021-06-14', '2021-06-17'),
(2078, 722, 'DKDS15K', 129, 1, '2021-06-14', '2021-06-17'),
(2079, 723, 'DKDS15K', 129, 1, '2021-06-14', '2021-06-17'),
(2080, 724, 'DKDS15K', 129, 1, '2021-06-14', '2021-06-17'),
(2081, 725, 'DKDS15K', 129, 2, '2021-06-14', '2021-06-17'),
(2082, 726, 'DKDS15K', 129, 0, '2021-06-14', '2021-06-17'),
(2083, 727, 'DKDS15K', 129, 0, '2021-06-14', '2021-06-17'),
(2084, 728, 'DKDS15K', 129, 0, '2021-06-14', '2021-06-17'),
(2085, 729, 'DKDS15K', 129, 3, '2021-06-14', '2021-06-17'),
(2086, 730, 'DKDS15K', 129, 0, '2021-06-14', '2021-06-17'),
(2087, 731, 'DKDS15K', 129, 0, '2021-06-14', '2021-06-17'),
(2088, 732, 'DKDS15K', 129, 1, '2021-06-14', '2021-06-17'),
(2089, 736, 'DKDS15K', 129, 0, '2021-06-14', '2021-06-17'),
(2090, 733, 'DKDS15K', 129, 0, '2021-06-14', '2021-06-17'),
(2091, 734, 'DKDS15K', 129, 1, '2021-06-14', '2021-06-17'),
(2092, 735, 'DKDS15K', 129, 0, '2021-06-14', '2021-06-17'),
(2093, 702, 'DKDS15K', 182, 1, '2021-06-14', '2021-06-17'),
(2094, 703, 'DKDS15K', 182, 0, '2021-06-14', '2021-06-17'),
(2095, 704, 'DKDS15K', 182, 1, '2021-06-14', '2021-06-17'),
(2096, 705, 'DKDS15K', 182, 0, '2021-06-14', '2021-06-17'),
(2097, 706, 'DKDS15K', 182, 0, '2021-06-14', '2021-06-17'),
(2098, 707, 'DKDS15K', 182, 0, '2021-06-14', '2021-06-17'),
(2099, 708, 'DKDS15K', 182, 1, '2021-06-14', '2021-06-17'),
(2100, 709, 'DKDS15K', 182, 0, '2021-06-14', '2021-06-17'),
(2101, 710, 'DKDS15K', 182, 0, '2021-06-14', '2021-06-17'),
(2102, 711, 'DKDS15K', 182, 1, '2021-06-14', '2021-06-17'),
(2103, 712, 'DKDS15K', 182, 0, '2021-06-14', '2021-06-17'),
(2104, 713, 'DKDS15K', 182, 0, '2021-06-14', '2021-06-17'),
(2105, 714, 'DKDS15K', 182, 1, '2021-06-14', '2021-06-17'),
(2106, 715, 'DKDS15K', 182, 1, '2021-06-14', '2021-06-17'),
(2107, 716, 'DKDS15K', 182, 0, '2021-06-14', '2021-06-17'),
(2108, 717, 'DKDS15K', 182, 1, '2021-06-14', '2021-06-17'),
(2109, 718, 'DKDS15K', 182, 0, '2021-06-14', '2021-06-17'),
(2110, 719, 'DKDS15K', 182, 2, '2021-06-14', '2021-06-17'),
(2111, 720, 'DKDS15K', 182, 1, '2021-06-14', '2021-06-17'),
(2112, 721, 'DKDS15K', 182, 0, '2021-06-14', '2021-06-17'),
(2113, 722, 'DKDS15K', 182, 1, '2021-06-14', '2021-06-17'),
(2114, 723, 'DKDS15K', 182, 1, '2021-06-14', '2021-06-17'),
(2115, 724, 'DKDS15K', 182, 1, '2021-06-14', '2021-06-17'),
(2116, 725, 'DKDS15K', 182, 1, '2021-06-14', '2021-06-17'),
(2117, 726, 'DKDS15K', 182, 0, '2021-06-14', '2021-06-17'),
(2118, 727, 'DKDS15K', 182, 1, '2021-06-14', '2021-06-17'),
(2119, 728, 'DKDS15K', 182, 0, '2021-06-14', '2021-06-17'),
(2120, 729, 'DKDS15K', 182, 1, '2021-06-14', '2021-06-17'),
(2121, 730, 'DKDS15K', 182, 0, '2021-06-14', '2021-06-17'),
(2122, 731, 'DKDS15K', 182, 0, '2021-06-14', '2021-06-17'),
(2123, 732, 'DKDS15K', 182, 1, '2021-06-14', '2021-06-17'),
(2124, 736, 'DKDS15K', 182, 0, '2021-06-14', '2021-06-17'),
(2125, 733, 'DKDS15K', 182, 0, '2021-06-14', '2021-06-17'),
(2126, 734, 'DKDS15K', 182, 1, '2021-06-14', '2021-06-17'),
(2127, 735, 'DKDS15K', 182, 1, '2021-06-14', '2021-06-17'),
(2128, 702, 'DKDS15K', 185, 1, '2021-06-14', '2021-06-17'),
(2129, 703, 'DKDS15K', 185, 0, '2021-06-14', '2021-06-17'),
(2130, 704, 'DKDS15K', 185, 0, '2021-06-14', '2021-06-17'),
(2131, 705, 'DKDS15K', 185, 1, '2021-06-14', '2021-06-17'),
(2132, 706, 'DKDS15K', 185, 0, '2021-06-14', '2021-06-17'),
(2133, 707, 'DKDS15K', 185, 1, '2021-06-14', '2021-06-17'),
(2134, 708, 'DKDS15K', 185, 0, '2021-06-14', '2021-06-17'),
(2135, 709, 'DKDS15K', 185, 0, '2021-06-14', '2021-06-17'),
(2136, 710, 'DKDS15K', 185, 0, '2021-06-14', '2021-06-17'),
(2137, 711, 'DKDS15K', 185, 1, '2021-06-14', '2021-06-17'),
(2138, 712, 'DKDS15K', 185, 0, '2021-06-14', '2021-06-17'),
(2139, 713, 'DKDS15K', 185, 0, '2021-06-14', '2021-06-17'),
(2140, 714, 'DKDS15K', 185, 1, '2021-06-14', '2021-06-17'),
(2141, 715, 'DKDS15K', 185, 0, '2021-06-14', '2021-06-17'),
(2142, 716, 'DKDS15K', 185, 0, '2021-06-14', '2021-06-17'),
(2143, 717, 'DKDS15K', 185, 1, '2021-06-14', '2021-06-17'),
(2144, 718, 'DKDS15K', 185, 0, '2021-06-14', '2021-06-17'),
(2145, 719, 'DKDS15K', 185, 0, '2021-06-14', '2021-06-17'),
(2146, 720, 'DKDS15K', 185, 1, '2021-06-14', '2021-06-17'),
(2147, 721, 'DKDS15K', 185, 0, '2021-06-14', '2021-06-17'),
(2148, 722, 'DKDS15K', 185, 1, '2021-06-14', '2021-06-17'),
(2149, 723, 'DKDS15K', 185, 0, '2021-06-14', '2021-06-17'),
(2150, 724, 'DKDS15K', 185, 0, '2021-06-14', '2021-06-17'),
(2151, 725, 'DKDS15K', 185, 1, '2021-06-14', '2021-06-17'),
(2152, 726, 'DKDS15K', 185, 0, '2021-06-14', '2021-06-17'),
(2153, 727, 'DKDS15K', 185, 0, '2021-06-14', '2021-06-17'),
(2154, 728, 'DKDS15K', 185, 1, '2021-06-14', '2021-06-17'),
(2155, 729, 'DKDS15K', 185, 0, '2021-06-14', '2021-06-17'),
(2156, 730, 'DKDS15K', 185, 1, '2021-06-14', '2021-06-17'),
(2157, 731, 'DKDS15K', 185, 0, '2021-06-14', '2021-06-17'),
(2158, 732, 'DKDS15K', 185, 0, '2021-06-14', '2021-06-17'),
(2159, 736, 'DKDS15K', 185, 1, '2021-06-14', '2021-06-17'),
(2160, 733, 'DKDS15K', 185, 0, '2021-06-14', '2021-06-17'),
(2161, 734, 'DKDS15K', 185, 1, '2021-06-14', '2021-06-17'),
(2162, 735, 'DKDS15K', 185, 1, '2021-06-14', '2021-06-17'),
(2163, 737, 'DKDS15K', 112, 1, '2021-06-14', '2021-06-17'),
(2164, 738, 'DKDS15K', 112, 0, '2021-06-14', '2021-06-17'),
(2165, 739, 'DKDS15K', 112, 0, '2021-06-14', '2021-06-17'),
(2166, 740, 'DKDS15K', 112, 1, '2021-06-14', '2021-06-17'),
(2167, 741, 'DKDS15K', 112, 0, '2021-06-14', '2021-06-17'),
(2168, 742, 'DKDS15K', 112, 0, '2021-06-14', '2021-06-17'),
(2169, 743, 'DKDS15K', 112, 1, '2021-06-14', '2021-06-17'),
(2170, 744, 'DKDS15K', 112, 0, '2021-06-14', '2021-06-17'),
(2171, 745, 'DKDS15K', 112, 1, '2021-06-14', '2021-06-17'),
(2172, 746, 'DKDS15K', 112, 0, '2021-06-14', '2021-06-17'),
(2173, 747, 'DKDS15K', 112, 1, '2021-06-14', '2021-06-17'),
(2174, 748, 'DKDS15K', 112, 0, '2021-06-14', '2021-06-17'),
(2175, 749, 'DKDS15K', 112, 0, '2021-06-14', '2021-06-17'),
(2176, 750, 'DKDS15K', 112, 1, '2021-06-14', '2021-06-17'),
(2177, 751, 'DKDS15K', 112, 0, '2021-06-14', '2021-06-17'),
(2178, 752, 'DKDS15K', 112, 0, '2021-06-14', '2021-06-17'),
(2179, 753, 'DKDS15K', 112, 1, '2021-06-14', '2021-06-17'),
(2180, 754, 'DKDS15K', 112, 0, '2021-06-14', '2021-06-17'),
(2181, 755, 'DKDS15K', 112, 1, '2021-06-14', '2021-06-17'),
(2182, 756, 'DKDS15K', 112, 0, '2021-06-14', '2021-06-17'),
(2183, 757, 'DKDS15K', 112, 0, '2021-06-14', '2021-06-17'),
(2184, 758, 'DKDS15K', 112, 1, '2021-06-14', '2021-06-17'),
(2185, 759, 'DKDS15K', 112, 0, '2021-06-14', '2021-06-17'),
(2186, 760, 'DKDS15K', 112, 0, '2021-06-14', '2021-06-17'),
(2187, 761, 'DKDS15K', 112, 1, '2021-06-14', '2021-06-17'),
(2188, 762, 'DKDS15K', 112, 0, '2021-06-14', '2021-06-17'),
(2189, 763, 'DKDS15K', 112, 1, '2021-06-14', '2021-06-17'),
(2190, 764, 'DKDS15K', 112, 1, '2021-06-14', '2021-06-17'),
(2191, 765, 'DKDS15K', 112, 0, '2021-06-14', '2021-06-17'),
(2192, 766, 'DKDS15K', 112, 1, '2021-06-14', '2021-06-17'),
(2193, 767, 'DKDS15K', 112, 0, '2021-06-14', '2021-06-17'),
(2194, 768, 'DKDS15K', 112, 0, '2021-06-14', '2021-06-17'),
(2195, 769, 'DKDS15K', 112, 1, '2021-06-14', '2021-06-17'),
(2196, 770, 'DKDS15K', 112, 0, '2021-06-14', '2021-06-17'),
(2197, 771, 'DKDS15K', 112, 1, '2021-06-14', '2021-06-17'),
(2198, 772, 'DKDS15K', 112, 0, '2021-06-14', '2021-06-17'),
(2199, 773, 'DKDS15K', 112, 0, '2021-06-14', '2021-06-17'),
(2200, 774, 'DKDS15K', 112, 1, '2021-06-14', '2021-06-17'),
(2201, 775, 'DKDS15K', 112, 0, '2021-06-14', '2021-06-17'),
(2202, 776, 'DKDS15K', 112, 1, '2021-06-14', '2021-06-17'),
(2203, 777, 'DKDS15K', 112, 0, '2021-06-14', '2021-06-17'),
(2204, 778, 'DKDS15K', 112, 1, '2021-06-14', '2021-06-17'),
(2205, 737, 'DKDS15K', 129, 1, '2021-06-14', '2021-06-17'),
(2206, 738, 'DKDS15K', 129, 0, '2021-06-14', '2021-06-17'),
(2207, 739, 'DKDS15K', 129, 1, '2021-06-14', '2021-06-17'),
(2208, 740, 'DKDS15K', 129, 0, '2021-06-14', '2021-06-17'),
(2209, 741, 'DKDS15K', 129, 0, '2021-06-14', '2021-06-17'),
(2210, 742, 'DKDS15K', 129, 1, '2021-06-14', '2021-06-17'),
(2211, 743, 'DKDS15K', 129, 1, '2021-06-14', '2021-06-17'),
(2212, 744, 'DKDS15K', 129, 1, '2021-06-14', '2021-06-17'),
(2213, 745, 'DKDS15K', 129, 0, '2021-06-14', '2021-06-17'),
(2214, 746, 'DKDS15K', 129, 0, '2021-06-14', '2021-06-17'),
(2215, 747, 'DKDS15K', 129, 1, '2021-06-14', '2021-06-17'),
(2216, 748, 'DKDS15K', 129, 0, '2021-06-14', '2021-06-17'),
(2217, 749, 'DKDS15K', 129, 0, '2021-06-14', '2021-06-17'),
(2218, 750, 'DKDS15K', 129, 1, '2021-06-14', '2021-06-17'),
(2219, 751, 'DKDS15K', 129, 1, '2021-06-14', '2021-06-17'),
(2220, 752, 'DKDS15K', 129, 0, '2021-06-14', '2021-06-17'),
(2221, 753, 'DKDS15K', 129, 1, '2021-06-14', '2021-06-17'),
(2222, 754, 'DKDS15K', 129, 0, '2021-06-14', '2021-06-17'),
(2223, 755, 'DKDS15K', 129, 1, '2021-06-14', '2021-06-17'),
(2224, 756, 'DKDS15K', 129, 0, '2021-06-14', '2021-06-17'),
(2225, 757, 'DKDS15K', 129, 1, '2021-06-14', '2021-06-17'),
(2226, 758, 'DKDS15K', 129, 1, '2021-06-14', '2021-06-17'),
(2227, 759, 'DKDS15K', 129, 0, '2021-06-14', '2021-06-17'),
(2228, 760, 'DKDS15K', 129, 1, '2021-06-14', '2021-06-17'),
(2229, 761, 'DKDS15K', 129, 0, '2021-06-14', '2021-06-17'),
(2230, 762, 'DKDS15K', 129, 1, '2021-06-14', '2021-06-17'),
(2231, 763, 'DKDS15K', 129, 1, '2021-06-14', '2021-06-17'),
(2232, 764, 'DKDS15K', 129, 0, '2021-06-14', '2021-06-17'),
(2233, 765, 'DKDS15K', 129, 1, '2021-06-14', '2021-06-17'),
(2234, 766, 'DKDS15K', 129, 1, '2021-06-14', '2021-06-17'),
(2235, 767, 'DKDS15K', 129, 1, '2021-06-14', '2021-06-17'),
(2236, 768, 'DKDS15K', 129, 0, '2021-06-14', '2021-06-17'),
(2237, 769, 'DKDS15K', 129, 1, '2021-06-14', '2021-06-17'),
(2238, 770, 'DKDS15K', 129, 1, '2021-06-14', '2021-06-17'),
(2239, 771, 'DKDS15K', 129, 0, '2021-06-14', '2021-06-17'),
(2240, 772, 'DKDS15K', 129, 1, '2021-06-14', '2021-06-17'),
(2241, 773, 'DKDS15K', 129, 0, '2021-06-14', '2021-06-17'),
(2242, 774, 'DKDS15K', 129, 0, '2021-06-14', '2021-06-17'),
(2243, 775, 'DKDS15K', 129, 1, '2021-06-14', '2021-06-17'),
(2244, 776, 'DKDS15K', 129, 1, '2021-06-14', '2021-06-17'),
(2245, 777, 'DKDS15K', 129, 0, '2021-06-14', '2021-06-17'),
(2246, 778, 'DKDS15K', 129, 1, '2021-06-14', '2021-06-17'),
(2247, 737, 'DKDS15K', 182, 1, '2021-06-14', '2021-06-17'),
(2248, 738, 'DKDS15K', 182, 0, '2021-06-14', '2021-06-17'),
(2249, 739, 'DKDS15K', 182, 0, '2021-06-14', '2021-06-17'),
(2250, 740, 'DKDS15K', 182, 1, '2021-06-14', '2021-06-17'),
(2251, 741, 'DKDS15K', 182, 0, '2021-06-14', '2021-06-17'),
(2252, 742, 'DKDS15K', 182, 1, '2021-06-14', '2021-06-17'),
(2253, 743, 'DKDS15K', 182, 0, '2021-06-14', '2021-06-17'),
(2254, 744, 'DKDS15K', 182, 0, '2021-06-14', '2021-06-17'),
(2255, 745, 'DKDS15K', 182, 1, '2021-06-14', '2021-06-17'),
(2256, 746, 'DKDS15K', 182, 0, '2021-06-14', '2021-06-17'),
(2257, 747, 'DKDS15K', 182, 0, '2021-06-14', '2021-06-17'),
(2258, 748, 'DKDS15K', 182, 1, '2021-06-14', '2021-06-17'),
(2259, 749, 'DKDS15K', 182, 1, '2021-06-14', '2021-06-17'),
(2260, 750, 'DKDS15K', 182, 0, '2021-06-14', '2021-06-17'),
(2261, 751, 'DKDS15K', 182, 1, '2021-06-14', '2021-06-17'),
(2262, 752, 'DKDS15K', 182, 0, '2021-06-14', '2021-06-17'),
(2263, 753, 'DKDS15K', 182, 0, '2021-06-14', '2021-06-17'),
(2264, 754, 'DKDS15K', 182, 0, '2021-06-14', '2021-06-17'),
(2265, 755, 'DKDS15K', 182, 0, '2021-06-14', '2021-06-17'),
(2266, 756, 'DKDS15K', 182, 1, '2021-06-14', '2021-06-17'),
(2267, 757, 'DKDS15K', 182, 0, '2021-06-14', '2021-06-17'),
(2268, 758, 'DKDS15K', 182, 1, '2021-06-14', '2021-06-17'),
(2269, 759, 'DKDS15K', 182, 0, '2021-06-14', '2021-06-17'),
(2270, 760, 'DKDS15K', 182, 0, '2021-06-14', '2021-06-17'),
(2271, 761, 'DKDS15K', 182, 1, '2021-06-14', '2021-06-17'),
(2272, 762, 'DKDS15K', 182, 0, '2021-06-14', '2021-06-17'),
(2273, 763, 'DKDS15K', 182, 0, '2021-06-14', '2021-06-17'),
(2274, 764, 'DKDS15K', 182, 0, '2021-06-14', '2021-06-17'),
(2275, 765, 'DKDS15K', 182, 1, '2021-06-14', '2021-06-17'),
(2276, 766, 'DKDS15K', 182, 0, '2021-06-14', '2021-06-17'),
(2277, 767, 'DKDS15K', 182, 1, '2021-06-14', '2021-06-17'),
(2278, 768, 'DKDS15K', 182, 0, '2021-06-14', '2021-06-17'),
(2279, 769, 'DKDS15K', 182, 0, '2021-06-14', '2021-06-17'),
(2280, 770, 'DKDS15K', 182, 0, '2021-06-14', '2021-06-17'),
(2281, 771, 'DKDS15K', 182, 1, '2021-06-14', '2021-06-17'),
(2282, 772, 'DKDS15K', 182, 0, '2021-06-14', '2021-06-17'),
(2283, 773, 'DKDS15K', 182, 0, '2021-06-14', '2021-06-17'),
(2284, 774, 'DKDS15K', 182, 1, '2021-06-14', '2021-06-17'),
(2285, 775, 'DKDS15K', 182, 1, '2021-06-14', '2021-06-17'),
(2286, 776, 'DKDS15K', 182, 0, '2021-06-14', '2021-06-17'),
(2287, 777, 'DKDS15K', 182, 1, '2021-06-14', '2021-06-17'),
(2288, 778, 'DKDS15K', 182, 1, '2021-06-14', '2021-06-17'),
(2289, 737, 'DKDS15K', 185, 1, '2021-06-14', '2021-06-17'),
(2290, 738, 'DKDS15K', 185, 0, '2021-06-14', '2021-06-17'),
(2291, 739, 'DKDS15K', 185, 0, '2021-06-14', '2021-06-17'),
(2292, 740, 'DKDS15K', 185, 0, '2021-06-14', '2021-06-17'),
(2293, 741, 'DKDS15K', 185, 1, '2021-06-14', '2021-06-17'),
(2294, 742, 'DKDS15K', 185, 0, '2021-06-14', '2021-06-17'),
(2295, 743, 'DKDS15K', 185, 0, '2021-06-14', '2021-06-17'),
(2296, 744, 'DKDS15K', 185, 0, '2021-06-14', '2021-06-17'),
(2297, 745, 'DKDS15K', 185, 0, '2021-06-14', '2021-06-17'),
(2298, 746, 'DKDS15K', 185, 1, '2021-06-14', '2021-06-17'),
(2299, 747, 'DKDS15K', 185, 0, '2021-06-14', '2021-06-17'),
(2300, 748, 'DKDS15K', 185, 0, '2021-06-14', '2021-06-17'),
(2301, 749, 'DKDS15K', 185, 1, '2021-06-14', '2021-06-17'),
(2302, 750, 'DKDS15K', 185, 0, '2021-06-14', '2021-06-17'),
(2303, 751, 'DKDS15K', 185, 0, '2021-06-14', '2021-06-17'),
(2304, 752, 'DKDS15K', 185, 1, '2021-06-14', '2021-06-17'),
(2305, 753, 'DKDS15K', 185, 0, '2021-06-14', '2021-06-17'),
(2306, 754, 'DKDS15K', 185, 0, '2021-06-14', '2021-06-17'),
(2307, 755, 'DKDS15K', 185, 0, '2021-06-14', '2021-06-17'),
(2308, 756, 'DKDS15K', 185, 1, '2021-06-14', '2021-06-17'),
(2309, 757, 'DKDS15K', 185, 0, '2021-06-14', '2021-06-17'),
(2310, 758, 'DKDS15K', 185, 1, '2021-06-14', '2021-06-17'),
(2311, 759, 'DKDS15K', 185, 0, '2021-06-14', '2021-06-17'),
(2312, 760, 'DKDS15K', 185, 0, '2021-06-14', '2021-06-17'),
(2313, 761, 'DKDS15K', 185, 0, '2021-06-14', '2021-06-17'),
(2314, 762, 'DKDS15K', 185, 1, '2021-06-14', '2021-06-17'),
(2315, 763, 'DKDS15K', 185, 0, '2021-06-14', '2021-06-17'),
(2316, 764, 'DKDS15K', 185, 1, '2021-06-14', '2021-06-17'),
(2317, 765, 'DKDS15K', 185, 0, '2021-06-14', '2021-06-17'),
(2318, 766, 'DKDS15K', 185, 1, '2021-06-14', '2021-06-17'),
(2319, 767, 'DKDS15K', 185, 0, '2021-06-14', '2021-06-17'),
(2320, 768, 'DKDS15K', 185, 1, '2021-06-14', '2021-06-17'),
(2321, 769, 'DKDS15K', 185, 0, '2021-06-14', '2021-06-17'),
(2322, 770, 'DKDS15K', 185, 0, '2021-06-14', '2021-06-17'),
(2323, 771, 'DKDS15K', 185, 1, '2021-06-14', '2021-06-17'),
(2324, 772, 'DKDS15K', 185, 0, '2021-06-14', '2021-06-17'),
(2325, 773, 'DKDS15K', 185, 0, '2021-06-14', '2021-06-17'),
(2326, 774, 'DKDS15K', 185, 1, '2021-06-14', '2021-06-17'),
(2327, 775, 'DKDS15K', 185, 0, '2021-06-14', '2021-06-17'),
(2328, 776, 'DKDS15K', 185, 1, '2021-06-14', '2021-06-17'),
(2329, 777, 'DKDS15K', 185, 0, '2021-06-14', '2021-06-17'),
(2330, 778, 'DKDS15K', 185, 1, '2021-06-14', '2021-06-17'),
(2331, 779, 'DKDS15K', 213, 3, '2021-06-14', '2021-06-17'),
(2332, 780, 'DKDS15K', 213, 0, '2021-06-14', '2021-06-17'),
(2333, 781, 'DKDS15K', 213, 0, '2021-06-14', '2021-06-17'),
(2334, 782, 'DKDS15K', 213, 0, '2021-06-14', '2021-06-17'),
(2335, 783, 'DKDS15K', 213, 0, '2021-06-14', '2021-06-17'),
(2336, 784, 'DKDS15K', 213, 0, '2021-06-14', '2021-06-17'),
(2337, 785, 'DKDS15K', 213, 0, '2021-06-14', '2021-06-17'),
(2338, 786, 'DKDS15K', 213, 0, '2021-06-14', '2021-06-17'),
(2339, 787, 'DKDS15K', 213, 0, '2021-06-14', '2021-06-17'),
(2340, 788, 'DKDS15K', 213, 0, '2021-06-14', '2021-06-17'),
(2341, 789, 'DKDS15K', 213, 0, '2021-06-14', '2021-06-17'),
(2342, 790, 'DKDS15K', 213, 0, '2021-06-14', '2021-06-17'),
(2343, 791, 'DKDS15K', 213, 0, '2021-06-14', '2021-06-17'),
(2344, 792, 'DKDS15K', 213, 0, '2021-06-14', '2021-06-17'),
(2345, 793, 'DKDS15K', 213, 0, '2021-06-14', '2021-06-17'),
(2346, 794, 'DKDS15K', 213, 0, '2021-06-14', '2021-06-17'),
(2347, 795, 'DKDS15K', 213, 0, '2021-06-14', '2021-06-17'),
(2348, 796, 'DKDS15K', 213, 0, '2021-06-14', '2021-06-17'),
(2349, 797, 'DKDS15K', 213, 0, '2021-06-14', '2021-06-17'),
(2350, 798, 'DKDS15K', 213, 0, '2021-06-14', '2021-06-17'),
(2351, 799, 'DKDS15K', 213, 0, '2021-06-14', '2021-06-17'),
(2352, 800, 'DKDS15K', 213, 0, '2021-06-14', '2021-06-17'),
(2353, 801, 'DKDS15K', 213, 0, '2021-06-14', '2021-06-17'),
(2354, 802, 'DKDS15K', 213, 0, '2021-06-14', '2021-06-17'),
(2355, 803, 'DKDS15K', 213, 0, '2021-06-14', '2021-06-17'),
(2356, 804, 'DKDS15K', 213, 0, '2021-06-14', '2021-06-17'),
(2357, 805, 'DKDS15K', 213, 0, '2021-06-14', '2021-06-17'),
(2358, 806, 'DKDS15K', 213, 0, '2021-06-14', '2021-06-17'),
(2359, 807, 'DKDS15K', 213, 0, '2021-06-14', '2021-06-17'),
(2360, 808, 'DKDS15K', 213, 0, '2021-06-14', '2021-06-17'),
(2361, 809, 'DKDS15K', 213, 0, '2021-06-14', '2021-06-17'),
(2362, 810, 'DKDS15K', 213, 0, '2021-06-14', '2021-06-17'),
(2363, 811, 'DKDS15K', 213, 0, '2021-06-14', '2021-06-17'),
(2364, 812, 'DKDS15K', 213, 3, '2021-06-14', '2021-06-17');

-- --------------------------------------------------------

--
-- Estructura de tabla para la tabla `materias`
--

CREATE TABLE `materias` (
  `id_materia` int(11) NOT NULL,
  `nombre` varchar(50) COLLATE utf8_unicode_ci NOT NULL,
  `especialidad` int(11) NOT NULL,
  `grado` int(11) NOT NULL
) ENGINE=InnoDB DEFAULT CHARSET=utf8 COLLATE=utf8_unicode_ci;

--
-- Volcado de datos para la tabla `materias`
--

INSERT INTO `materias` (`id_materia`, `nombre`, `especialidad`, `grado`) VALUES
(1, 'Matematicas V', 4, 6),
(2, 'Ecologia', 4, 6),
(3, 'Metodologia de la Investigacion', 4, 6),
(4, 'Seguridad Industrial', 4, 6),
(5, 'Educacion Salud V', 4, 6),
(107, 'Matematicas', 5, 1),
(111, 'sem', 4, 4),
(112, 'Matematicas I', 3, 1),
(113, 'orci,', 2, 2),
(114, 'bibendum', 2, 5),
(115, 'malesuada', 4, 4),
(116, 'non', 2, 1),
(117, 'lorem', 4, 5),
(119, 'dignissim.', 1, 6),
(120, 'dolor', 1, 4),
(121, 'auctor', 4, 4),
(122, 'quis', 3, 2),
(123, 'aliquet', 5, 5),
(125, 'et', 3, 4),
(126, 'cursus.', 1, 1),
(127, 'sed,', 5, 3),
(128, 'nunc,', 5, 4),
(129, 'Ingles I', 3, 1),
(130, 'velit.', 2, 5),
(131, 'eu', 5, 5),
(132, 'tellus', 4, 2),
(133, 'Taller de Lectura y Redaccion', 5, 1),
(134, 'facilisi.', 3, 5),
(135, 'natoque', 4, 2),
(136, 'gravida.', 5, 3),
(137, 'Cras', 5, 5),
(138, 'in', 4, 3),
(139, 'diam', 4, 4),
(141, 'vel', 2, 3),
(142, 'risus.', 4, 2),
(143, 'felis.', 5, 5),
(144, 'mauris', 4, 4),
(145, 'arcu.', 4, 4),
(146, 'consectetuer', 3, 6),
(147, 'at', 3, 3),
(149, 'ultrices,', 5, 5),
(150, 'ultrices.', 3, 5),
(151, 'est', 2, 2),
(153, 'Suspendisse', 5, 3),
(154, 'Sed', 5, 4),
(155, 'Sed', 2, 6),
(156, 'Ingles I', 5, 1),
(157, 'luctus', 5, 2),
(158, 'Nunc', 4, 4),
(160, 'libero', 1, 4),
(161, 'Donec', 4, 5),
(162, 'Sed', 1, 2),
(164, 'ac', 2, 4),
(166, 'euismod', 2, 1),
(167, 'ornare,', 2, 2),
(168, 'sit', 4, 3),
(169, 'Sed', 1, 1),
(170, 'Nunc', 2, 6),
(171, 'Electronica I', 5, 1),
(172, 'tellus', 3, 4),
(173, 'ipsum', 3, 2),
(174, 'turpis', 1, 5),
(176, 'hendrerit', 1, 5),
(177, 'ornare', 3, 5),
(178, 'neque', 5, 2),
(179, 'convallis', 1, 5),
(180, 'primis', 4, 2),
(181, 'sed', 5, 5),
(182, 'Electronica I', 3, 1),
(183, 'tempus', 5, 5),
(185, 'Quimica I', 3, 1),
(186, 'congue.', 4, 5),
(187, 'interdum', 1, 2),
(188, 'erat.', 1, 2),
(189, 'ultrices,', 4, 4),
(191, 'nunc.', 1, 3),
(192, 'enim,', 1, 3),
(193, 'Especialidad Mecatronica', 5, 1),
(194, 'dui.', 1, 2),
(195, 'nec', 3, 5),
(196, 'neque.', 3, 5),
(198, 'lectus', 4, 3),
(199, 'Maecenas', 1, 5),
(200, 'sapien.', 4, 3),
(202, 'risus.', 3, 2),
(203, 'sem', 1, 3),
(206, 'Filosofia', 5, 6),
(207, 'Educacion Salud', 5, 6),
(208, 'Ingles', 5, 6),
(209, 'Matematicas', 5, 6),
(210, 'Matematicas I', 4, 1),
(211, 'Taller de Lectura y Redaccion', 4, 1),
(212, 'Etica y Valores I', 4, 1),
(213, 'Diseño', 4, 1),
(214, 'Tecnologias de la Informacion y Comunicacion', 4, 1),
(215, 'Electronica', 4, 1),
(216, 'Quimica I', 4, 1),
(217, 'Ingles I', 4, 1);

-- --------------------------------------------------------

--
-- Estructura de tabla para la tabla `profesores`
--

CREATE TABLE `profesores` (
  `matricula` varchar(11) COLLATE utf8_unicode_ci NOT NULL,
  `nombre` varchar(100) COLLATE utf8_unicode_ci NOT NULL,
  `usuario` varchar(50) COLLATE utf8_unicode_ci NOT NULL,
  `contrasena` varchar(35) COLLATE utf8_unicode_ci NOT NULL,
  `correo` varchar(50) COLLATE utf8_unicode_ci NOT NULL,
  `token` varchar(255) COLLATE utf8_unicode_ci NOT NULL,
  `tipo_usuario` int(11) NOT NULL
) ENGINE=InnoDB DEFAULT CHARSET=utf8 COLLATE=utf8_unicode_ci;

--
-- Volcado de datos para la tabla `profesores`
--

INSERT INTO `profesores` (`matricula`, `nombre`, `usuario`, `contrasena`, `correo`, `token`, `tipo_usuario`) VALUES
('1234AB5', 'Cesar Ulises Magallanes Astorga', 'CeMaAs', '1234', 'cesar.magallanes@gmail.com', '', 1),
('32456', 'Juan de la Cruz Guadalupe', 'numa', '$2y$10$VtsKi', 'yselocreyo@gmail.com', 'b370a39025350f3baf605ff3d4f8785f', 2),
('AAVS41K', 'Cruz Carroll', 'Kitra O. Warner', 'WUF39BYC9IL', 'amet.ante@Fuscemi.net', 'ESN00CJZ9YJ', 2),
('AGGL94Y', 'William Estes', 'Addison J. Sheppard', 'HMZ94VCW5LL', 'commodo.tincidunt@Maecenas.co.uk', 'PFH84EOT3QU', 2),
('ALEK44Q', 'Nerea Briggs', 'Imogene H. Deleon', 'SEG43CHP4YB', 'erat@Integersemelit.net', 'RYK51OIW0OI', 2),
('ATNE03D', 'Breanna Heath', 'Olga E. Walters', 'IBI16BTR1QF', 'eget.venenatis@ipsumprimis.org', 'FMI38NUV1BM', 2),
('ATNQ58H', 'Jenna Gutierrez', 'Nigel N. Mejia', 'IHH38KPX6WO', 'amet@convallisantelectus.net', 'UZA34DWY2PH', 2),
('AVKW33Y', 'Carl Mitchell', 'Aubrey Q. Lopez', 'OYH38WVA5CY', 'Quisque.ac.libero@orciDonecnibh.co.uk', 'DTY15XDB4PM', 1),
('AZZW65S', 'Nita Steele', 'Zeus L. Gilliam', 'UFW90AKR6IR', 'pede.et@orci.ca', 'NYH72VTI1AW', 1),
('BAQM96I', 'Kuame Hampton', 'Bianca U. Mendez', 'AAK25SBR5YA', 'imperdiet.dictum.magna@leo.edu', 'IIB52IZI9PX', 1),
('BFWV55X', 'Brittany Shaffer', 'Oren H. Pope', 'RES32JRB2PJ', 'elit.fermentum@ad.co.uk', 'CQX63KCP9JF', 1),
('CPJB04E', 'Cora Maxwell', 'Jared E. Zimmerman', 'OGP60SOZ8NM', 'malesuada@rutrum.edu', 'FXV97NXT3GQ', 1),
('DDBR82S', 'Sarah Humphrey', 'Garrett C. Mclaughlin', 'ZRN98AAO9IE', 'urna.Nullam@adipiscinglobortisrisus.net', 'NAI12KUM3ZB', 1),
('DFNY41M', 'Jordan Noble', 'Channing K. Jenkins', 'WNV01POI4CO', 'pede.et.risus@malesuadavel.co.uk', 'KRN02JNG8CZ', 2),
('DKDS15K', 'Jose Manuel', 'JosManu', 'TDdzcHc3Y01wUVplUHROQ3VyNUpNUT09', 'jose.manuel.garcia.olivo@hotmail.com', '', 1),
('DNBB17U', 'Iris Adams', 'Tashya P. Harmon', 'XQB82OQM7PH', 'mattis.velit.justo@tortorInteger.co.uk', 'WSY49XZY0TO', 2),
('DTNL26C', 'Gregory Tyson', 'Zachary N. Curtis', 'JOV19PQY2KC', 'vitae.sodales.nisi@gravidanon.ca', 'BYZ63TLU3IN', 1),
('DWQT70X', 'Alexander Galloway', 'Vance S. Hale', 'LMQ42XNW6BI', 'luctus.ipsum.leo@sagittisNullamvitae.co.uk', 'BOU96NJC2DT', 1),
('FCZK39T', 'Xaviera Murray', 'Brooke V. Odonnell', 'XAD57IWR0AS', 'non.enim.Mauris@SuspendisseduiFusce.net', 'YWR37WSU0KX', 2),
('FEBY55W', 'Leila Langley', 'Kareem S. Hawkins', 'YXX45VNU8YX', 'eu.tellus@Quisquefringilla.co.uk', 'WPZ40XZO1ZZ', 2),
('FIVK30C', 'Sean Trevino', 'Rebecca O. Slater', 'BBQ14NKL5JX', 'Aliquam.auctor@Phasellusliberomauris.org', 'WCE69QMJ5DC', 1),
('FKWY52P', 'Mari Owen', 'Ray N. Decker', 'WHT53CUE3ZW', 'ut.nisi@Nulla.co.uk', 'IRN91PYK1AE', 1),
('FUWT41Y', 'Kennan Tyler', 'Nasim Y. Sellers', 'KZU84IDX7BT', 'arcu@risus.ca', 'UOX58KWU4TN', 2),
('FVNK56C', 'Channing Little', 'Jonah R. Klein', 'UOW22YRU3EW', 'ultricies.ligula.Nullam@vulputatevelit.ca', 'CDZ41KXZ4KI', 1),
('FXQR19Q', 'Allen Rich', 'Hiram W. Albert', 'HTW66ZJB8WA', 'Donec.feugiat@ac.ca', 'RSG17VAR8HB', 1),
('FYNI29Z', 'Blythe Hogan', 'Christopher W. Thornton', 'UWW79NYN4MT', 'posuere@molestie.ca', 'FCR90UDF8RL', 2),
('GAIO71P', 'Maris Mccullough', 'Carissa A. Aguirre', 'MKP43BAL9DA', 'Phasellus.elit@luctusvulputatenisi.edu', 'OFI24JIY3YM', 2),
('GLNT86G', 'Acton Ball', 'Fritz P. Winters', 'OBR82NBG3NV', 'pharetra@tincidunt.com', 'THT56QAQ0QG', 1),
('GTEI49D', 'Rhona Burks', 'Audrey N. Baker', 'OIE58ANQ9IC', 'faucibus.ut.nulla@IncondimentumDonec.com', 'GPQ51IIA5IJ', 2),
('GZOR26I', 'Hamish Warren', 'Anjolie R. Craig', 'JNZ10PSP0PF', 'placerat.augue.Sed@leoelementum.ca', 'AFQ17MOI0ZK', 1),
('HEPI67P', 'Celeste Blankenship', 'Hunter K. Reynolds', 'FVE48QTE5IE', 'pretium@acarcuNunc.edu', 'JYN92RXS2VA', 2),
('IHRF43O', 'Kermit Pierce', 'Teagan J. Albert', 'AWT59JPP8JV', 'nulla@diamProindolor.org', 'VDI43EAK3YI', 1),
('IKYC02I', 'Chester Romero', 'Lilah R. Brady', 'EME56WPD3XK', 'dui.nec@tempusrisus.edu', 'XQT24CBO2RZ', 2),
('ILEH01L', 'Xanthus Gaines', 'Nissim K. Griffin', 'KRU46RPR9AI', 'dapibus.quam.quis@sit.net', 'LNR53SUD9BM', 1),
('ISQE56X', 'Yael Sellers', 'Micah N. Vaughan', 'NBY61NPQ4YI', 'Aliquam@ridiculus.ca', 'QSX25MIE8JQ', 1),
('JBGA27T', 'Sandra Willis', 'Ginger C. Estes', 'RZB67LEB1WQ', 'Vivamus.euismod.urna@eget.edu', 'KMZ72TOA5YK', 1),
('JFKS21W', 'Cally Vance', 'Mona J. Vance', 'LPG08KDD5BD', 'ultrices.Vivamus.rhoncus@dictum.net', 'UCM18IOA6AS', 2),
('JMTO29X', 'Octavia Ramsey', 'Stewart Q. Lynch', 'UTK71HKD6QO', 'non.nisi@ullamcorperDuiscursus.net', 'RLP89JCN8GL', 2),
('JUFL35L', 'Mary Day', 'Ariel B. Lang', 'KFC69OQC0XN', 'nec.tempus@amet.org', 'QQC67UVT8VW', 2),
('JVMU65V', 'Kennan Sanford', 'Samson F. Frank', 'CZA45VMR1MY', 'montes@convallis.edu', 'WCR77QCS7CY', 2),
('JYKC46P', 'Clarke Buckner', 'Elijah M. Frank', 'JTX45GVN6TV', 'vel.turpis@orcilacusvestibulum.edu', 'LCJ29VLH3VO', 2),
('KFYU90W', 'Andrew Randall', 'Whoopi Z. Conway', 'WPW53LPS4BJ', 'ipsum.Suspendisse@et.edu', 'QZM38TNX3FG', 2),
('KIJV57E', 'Xantha Mcfadden', 'Lareina Q. Parker', 'GJX43MFM4JP', 'id@mipede.ca', 'FRR09OJB4QA', 1),
('KRFE66A', 'Dominic Flynn', 'Kennan F. Duke', 'WDZ16ECQ1KJ', 'a.neque@ipsum.net', 'FKG88KQL7VK', 1),
('KSHG92K', 'Clementine Wolf', 'Athena I. Murphy', 'CZI54HBJ8NW', 'metus.In@Fuscemilorem.com', 'PNW65MKV8ZC', 1),
('LARN41F', 'Lars Mclaughlin', 'Gretchen M. Moreno', 'WIQ69SQA1FP', 'lectus.convallis@aliquamadipiscinglacus.com', 'DLS07OPC7GR', 1),
('LCHU86P', 'Cade Good', 'Grace W. Knox', 'WMY45PMY6BA', 'senectus.et@Integertinciduntaliquam.net', 'QCE07MED6CX', 1),
('LFHZ28R', 'Gareth Cleveland', 'Quynn B. Mccoy', 'VAR42XTH2FZ', 'ornare.lectus.ante@lacus.org', 'AKR80ZRC4FC', 1),
('LHGN22L', 'Paul Lawson', 'Adena B. Fowler', 'PZA88MYW2ZV', 'sed.consequat@MorbimetusVivamus.ca', 'OJO97IAK0AE', 1),
('LJAI72R', 'Alexa Barry', 'Angelica U. Rollins', 'OMO26KXR4KL', 'justo.nec@nasceturridiculusmus.org', 'HFD56JMO2MR', 1),
('LMIO54U', 'Uta Hines', 'Simon F. Preston', 'QEN32CPS3ND', 'vulputate.ullamcorper@Duisvolutpat.co.uk', 'KVT14IVL1VB', 1),
('LVZL60K', 'Cleo Carey', 'Igor R. Watts', 'BQN22IBX8YJ', 'amet@nislelementum.co.uk', 'IVN93EOD3KO', 1),
('LWFX75I', 'Callie Foreman', 'Preston D. Meadows', 'XYY98XZB5NH', 'accumsan.neque.et@arcuSedeu.ca', 'BGJ95BHX2SN', 2),
('MCJD92R', 'Cassidy Finley', 'Farrah K. Sharpe', 'VUD17JWH2XA', 'ac.sem@NullaaliquetProin.ca', 'PDH01IDE4PX', 1),
('MGKN49C', 'Jacob Bauer', 'Tobias A. Fischer', 'LLC41ZNM2JH', 'ipsum.cursus.vestibulum@Cumsociis.ca', 'KTN73XPP7OI', 1),
('MHIG19V', 'Wyoming Allison', 'William E. Franco', 'BGE25IPP1BR', 'natoque@loremacrisus.com', 'PVB56LRV9HT', 1),
('MWHF03F', 'Ramona Olson', 'Dolan V. Nash', 'IHI68MAJ6MW', 'ultrices.Vivamus@sapien.com', 'HAL54RRI4RL', 2),
('NAFF99L', 'Sheila Roy', 'Ina A. Snyder', 'KQI45AZX3IE', 'enim.nisl.elementum@loremluctusut.co.uk', 'IEX99NKL1LA', 1),
('NOPC64K', 'Quyn Mcmahon', 'Lillith N. Finley', 'XXI02RDI5ZT', 'Suspendisse.aliquet.molestie@ipsum.ca', 'HBH88FCJ4JC', 1),
('NQPQ90Q', 'Tana Black', 'Thane B. Crawford', 'YJT55PFL4QR', 'mollis@sodales.co.uk', 'BHL52YCZ8EI', 1),
('NVGZ27U', 'Angelica Olson', 'Molly H. Whitney', 'PFB83LAM4ZZ', 'Donec@NullamnislMaecenas.co.uk', 'GVB23LXV0XH', 2),
('OFKF45H', 'Ivana Gill', 'Nathan D. Curtis', 'VKD09TRY7LS', 'felis@Phasellusliberomauris.com', 'WWD32MEG3TO', 2),
('OJBW49E', 'Conan Colon', 'Nadine R. Britt', 'BDT51ZDU9IX', 'eros.non@laciniaorciconsectetuer.com', 'SNB88ZBF5NQ', 2),
('OSTX99E', 'Brenda Stein', 'Hiroko M. Pope', 'NQM71CPQ1DT', 'bibendum.ullamcorper@amet.co.uk', 'JAQ77PBA0ZR', 1),
('OTLR43P', 'Avye Hendrix', 'Kirestin S. Jones', 'PVT67NWE4RJ', 'id.sapien.Cras@atfringillapurus.co.uk', 'QGS04NXY9ND', 1),
('OVMI32B', 'Jayme Valdez', 'Jackson B. Anderson', 'QFN02MKQ6IN', 'Nullam.ut.nisi@ipsum.com', 'DOV26JTY4NX', 1),
('OVST81Z', 'Deacon Atkinson', 'Zeph L. Phillips', 'IOY69MPJ4HT', 'lorem.luctus@acarcuNunc.co.uk', 'ZPT46MMB5ZW', 2),
('PFRA37J', 'Kennan Wall', 'Carl J. Mcneil', 'JKT32NWY2HV', 'non.leo.Vivamus@semegestasblandit.edu', 'SJZ20RHF0ZI', 2),
('PIKE30J', 'Camille Noble', 'Carissa K. Vance', 'CQV13RPX0EZ', 'fermentum.vel@felisDonectempor.net', 'QQJ17QIX6QR', 1),
('PWSD29B', 'Demetria Salas', 'Willa A. Bush', 'ECQ15XRC3XC', 'Aenean.euismod@Curae.net', 'PPJ98YCP8ZT', 2),
('PYZY21F', 'Sydney Robinson', 'Gareth D. Sparks', 'EZC39ZRK8NY', 'Etiam.laoreet.libero@dictumauguemalesuada.co.uk', 'DJF24IVD0RI', 1),
('RAGL70C', 'Kyle Sparks', 'Griffith J. Jackson', 'IXV17ZLW1FU', 'mauris.sapien.cursus@iaculislacuspede.ca', 'LEW83HEN8DL', 2),
('RDZQ14I', 'Camden Kline', 'Wanda V. Santana', 'NIM95NPC2BQ', 'lorem.ut.aliquam@ultricies.org', 'QUI40ONM8II', 2),
('RHPC19S', 'Chiquita Carson', 'Jacob F. Mccullough', 'LCW88DAO3UU', 'Curabitur.massa.Vestibulum@orci.org', 'MBF55XOH5KW', 2),
('RKLN94F', 'Zia Snyder', 'Quemby J. Gates', 'LTW83JHC3GZ', 'molestie.sodales@nullaIntegervulputate.co.uk', 'EXW27CJN4CU', 2),
('RLGH16K', 'Curran Rodriquez', 'Lucius A. Ramos', 'QRJ46FJK4EY', 'id.ante.dictum@nonummyac.ca', 'SJR74VON9OT', 1),
('RVDK53E', 'Harlan Wilkins', 'Jamalia L. Trevino', 'FRS71HKH1HO', 'Cum.sociis.natoque@tellussem.org', 'CMJ49WTM4ID', 2),
('RWLF49L', 'Colleen Franco', 'Adena S. Thomas', 'EHN28NAR5ZK', 'eget@placeratorci.edu', 'FLI93UAA0YG', 1),
('SCCE02U', 'Freya Robles', 'Neve Z. Stevenson', 'JKI83XCV2QT', 'Duis@pharetrased.org', 'ZIK70UVI4RV', 2),
('SFLG16K', 'Giselle Heath', 'Alden T. Haley', 'OQD48FYM7BK', 'interdum.Sed@egetvarius.net', 'ASK65EVH0WM', 1),
('SIOG02E', 'Rahim Robinson', 'Piper V. Roach', 'KUO28YVC7LE', 'risus.Duis@vestibulumloremsit.ca', 'AGB24LDK3FG', 1),
('SKAZ38H', 'Sylvester Gillespie', 'Freya F. Simon', 'HTM11OTO7DL', 'nisi.a@pellentesquemassa.ca', 'IIZ82BXE0IX', 1),
('SLPE23S', 'Emmanuel Guadalupe Perez Romero', 'EGPerezR', 'TmJ1OGNnRUdOZUJpVFRxbVpFQ1ZoQT09', 'emanuelito64yayin@gmail.com', 'bf9f386d69e1a3622ae37988a8157946', 2),
('SNQK73B', 'Hedy Foster', 'Haley W. Castillo', 'YSZ50DQA6NA', 'Nunc.mauris.elit@erosnonenim.ca', 'VVN77YTR3KZ', 2),
('TQDP24K', 'McKenzie Bender', 'Alden S. Coleman', 'LSZ44LKT0BX', 'aliquet.nec.imperdiet@turpisAliquamadipiscing.edu', 'NWD70EZG4OZ', 1),
('TVNK46T', 'Marny Sims', 'Cole V. Carson', 'ARU14XWS2EO', 'iaculis.aliquet.diam@nisi.org', 'QAV89TZU6YF', 1),
('UKPF41Z', 'Jescie Baldwin', 'Wyoming Y. Baker', 'ENV79RML8GV', 'velit.in@mattisornare.co.uk', 'GHU62OZR3RG', 2),
('UMCM19Y', 'Chiquita House', 'Piper I. Potts', 'KUN27RZR5SF', 'ornare@Phasellus.net', 'FVE83DWD6BK', 1),
('VJFO92C', 'Dennis Ortiz', 'Baker M. Christensen', 'IYQ87MRA4DA', 'eget.varius@Duismi.edu', 'JUY29ZSG8MI', 1),
('VSSW05N', 'Melodie Wilkinson', 'Elizabeth T. Chan', 'YAG66KBX8UO', 'urna.justo@Morbivehicula.com', 'JPM70CDQ4ZW', 2),
('VYWT23P', 'Magee Baird', 'Brynn E. Ferguson', 'GXQ19NSG4GD', 'penatibus.et.magnis@duilectusrutrum.org', 'PBO44OPP5LX', 1),
('WFBD83H', 'MacKensie Macias', 'Silas W. Barnes', 'JOW64NGC0MJ', 'at.auctor.ullamcorper@ligulaDonec.edu', 'SXI65EIK6PE', 2),
('WPGC25Z', 'Gavin Cantrell', 'Burton D. Quinn', 'WSZ41NUC8YZ', 'in.consectetuer.ipsum@laoreet.net', 'FWX03BJA5DO', 1),
('XAUJ22C', 'Breanna Crawford', 'Isabella W. Knapp', 'GDJ95YOV2HM', 'Aenean.massa@duinec.ca', 'ULU70ZTT8FS', 1),
('XKUF08H', 'Calista Jenkins', 'Nita T. Underwood', 'NZV26KMZ1MG', 'Nam.nulla@actellusSuspendisse.co.uk', 'VZX68SXV6ZB', 1),
('XQOP86B', 'Clayton Buckner', 'Vance Q. Nunez', 'DPV63KVC8RA', 'aliquet@Nuncquisarcu.net', 'ECV43ZGQ4BS', 2),
('YCCW73H', 'Chaney Mullen', 'Elmo E. Mack', 'ZPV80EWW9GN', 'id.magna.et@est.org', 'WXJ14KHE3LZ', 1),
('YJAB31L', 'Nola Vaughn', 'Zena W. Meadows', 'YOV08PJJ2MI', 'sagittis.Nullam.vitae@dictummagna.edu', 'OYK96XYS5PH', 1),
('YLMO18A', 'Desiree Hatfield', 'Ferris I. Dorsey', 'JJT33CRS3MA', 'lectus.rutrum@Fusce.net', 'GQN16WLS2SG', 1),
('ZCBS07Y', 'Sylvia Michael', 'Quintessa R. Guzman', 'EOT22IOI7OQ', 'ullamcorper.viverra.Maecenas@quisdiamPellentesque.', 'VEB07ZZS5QF', 2),
('ZJRZ01Y', 'Desirae Baird', 'Xavier Q. Kline', 'BML26FWS3XM', 'lobortis.quam@sedtortorInteger.net', 'RCD97DAP1YW', 2),
('ZMJW01Q', 'Hillary Duran', 'Martena U. Crawford', 'XQI66KPO9HX', 'sit.amet.luctus@utpellentesque.com', 'FDR46UHY1NE', 2),
('ZNWL46L', 'Summer Thompson', 'Ivor L. Moran', 'LDG54NVN2OO', 'Donec.consectetuer.mauris@Maurisnondui.co.uk', 'XXX27VZB7HG', 2),
('ZTUA65G', 'Clinton Pena', 'Sawyer R. Andrews', 'MOW91NSJ8RT', 'nec@sollicitudin.ca', 'VXD55VWC6EC', 1);

-- --------------------------------------------------------

--
-- Estructura de tabla para la tabla `tipo_usuario`
--

CREATE TABLE `tipo_usuario` (
  `id` int(10) UNSIGNED NOT NULL,
  `tipo` varchar(50) NOT NULL
) ENGINE=InnoDB DEFAULT CHARSET=utf8;

--
-- Volcado de datos para la tabla `tipo_usuario`
--

INSERT INTO `tipo_usuario` (`id`, `tipo`) VALUES
(1, 'Administrador'),
(2, 'Docente');

--
-- Índices para tablas volcadas
--

--
-- Indices de la tabla `alumnos`
--
ALTER TABLE `alumnos`
  ADD PRIMARY KEY (`id_alumnos`),
  ADD UNIQUE KEY `nombres` (`nombres`);

--
-- Indices de la tabla `faltas`
--
ALTER TABLE `faltas`
  ADD PRIMARY KEY (`id_falta`);

--
-- Indices de la tabla `materias`
--
ALTER TABLE `materias`
  ADD PRIMARY KEY (`id_materia`);

--
-- Indices de la tabla `profesores`
--
ALTER TABLE `profesores`
  ADD PRIMARY KEY (`matricula`),
  ADD UNIQUE KEY `matricula` (`matricula`),
  ADD UNIQUE KEY `correo` (`correo`),
  ADD UNIQUE KEY `correo_2` (`correo`),
  ADD UNIQUE KEY `matricula_2` (`matricula`),
  ADD UNIQUE KEY `usuario` (`usuario`);

--
-- Indices de la tabla `tipo_usuario`
--
ALTER TABLE `tipo_usuario`
  ADD PRIMARY KEY (`id`);

--
-- AUTO_INCREMENT de las tablas volcadas
--

--
-- AUTO_INCREMENT de la tabla `alumnos`
--
ALTER TABLE `alumnos`
  MODIFY `id_alumnos` int(11) NOT NULL AUTO_INCREMENT, AUTO_INCREMENT=813;

--
-- AUTO_INCREMENT de la tabla `faltas`
--
ALTER TABLE `faltas`
  MODIFY `id_falta` int(11) NOT NULL AUTO_INCREMENT, AUTO_INCREMENT=2365;

--
-- AUTO_INCREMENT de la tabla `materias`
--
ALTER TABLE `materias`
  MODIFY `id_materia` int(11) NOT NULL AUTO_INCREMENT, AUTO_INCREMENT=218;

--
-- AUTO_INCREMENT de la tabla `tipo_usuario`
--
ALTER TABLE `tipo_usuario`
  MODIFY `id` int(10) UNSIGNED NOT NULL AUTO_INCREMENT, AUTO_INCREMENT=3;
COMMIT;

/*!40101 SET CHARACTER_SET_CLIENT=@OLD_CHARACTER_SET_CLIENT */;
/*!40101 SET CHARACTER_SET_RESULTS=@OLD_CHARACTER_SET_RESULTS */;
/*!40101 SET COLLATION_CONNECTION=@OLD_COLLATION_CONNECTION */;
